system_id,category,type,manufacturer,unit,length,width,slab_depth,block_depth,steel_depth,swt,sdl,ll,max_span,material_concrete_id,material_pt_id,material_steel_id,material_timber_id,ebc_mm,beam_ref
bison_bb_ij1,precast_concrete,beam_block,bison,metric,,0.125,0.15,0.1,,1.86,1.8,1.5,4.1,concrete,pt,,,525,IJ1
bison_bb_ij1,precast_concrete,beam_block,bison,metric,,0.125,0.15,0.1,,1.86,1.8,2,3.9,concrete,pt,,,525,IJ1
bison_bb_ij1,precast_concrete,beam_block,bison,metric,,0.125,0.15,0.1,,1.86,1.8,2.5,3.75,concrete,pt,,,525,IJ1
bison_bb_ij1,precast_concrete,beam_block,bison,metric,,0.125,0.15,0.1,,1.86,1.8,3,3.6,concrete,pt,,,525,IJ1
bison_bb_ij1,precast_concrete,beam_block,bison,metric,,0.125,0.15,0.1,,1.86,1.8,4,3.35,concrete,pt,,,525,IJ1
bison_bb_ij1,precast_concrete,beam_block,bison,metric,,0.125,0.15,0.1,,1.86,1.8,5,3.1,concrete,pt,,,525,IJ1
bison_bb_ij2,precast_concrete,beam_block,bison,metric,,0.125,0.15,0.1,,1.96,1.8,1.5,4.55,concrete,pt,,,413,IJ2
bison_bb_ij2,precast_concrete,beam_block,bison,metric,,0.125,0.15,0.1,,1.96,1.8,2,4.35,concrete,pt,,,413,IJ2
bison_bb_ij2,precast_concrete,beam_block,bison,metric,,0.125,0.15,0.1,,1.96,1.8,2.5,4.2,concrete,pt,,,413,IJ2
bison_bb_ij2,precast_concrete,beam_block,bison,metric,,0.125,0.15,0.1,,1.96,1.8,3,4,concrete,pt,,,413,IJ2
bison_bb_ij2,precast_concrete,beam_block,bison,metric,,0.125,0.15,0.1,,1.96,1.8,4,3.75,concrete,pt,,,413,IJ2
bison_bb_ij2,precast_concrete,beam_block,bison,metric,,0.125,0.15,0.1,,1.96,1.8,5,3.5,concrete,pt,,,413,IJ2
bison_bb_ij3,precast_concrete,beam_block,bison,metric,,0.125,0.15,0.1,,2.15,1.8,1.5,5.3,concrete,pt,,,300,IJ3
bison_bb_ij3,precast_concrete,beam_block,bison,metric,,0.125,0.15,0.1,,2.15,1.8,2,5.05,concrete,pt,,,300,IJ3
bison_bb_ij3,precast_concrete,beam_block,bison,metric,,0.125,0.15,0.1,,2.15,1.8,2.5,4.85,concrete,pt,,,300,IJ3
bison_bb_ij3,precast_concrete,beam_block,bison,metric,,0.125,0.15,0.1,,2.15,1.8,3,4.65,concrete,pt,,,300,IJ3
bison_bb_ij3,precast_concrete,beam_block,bison,metric,,0.125,0.15,0.1,,2.15,1.8,4,4.35,concrete,pt,,,300,IJ3
bison_bb_ij3,precast_concrete,beam_block,bison,metric,,0.125,0.15,0.1,,2.15,1.8,5,4.1,concrete,pt,,,300,IJ3
bison_bb_rdj4,precast_concrete,beam_block,bison,metric,,0.215,0.15,0.1,,2.1,1.8,1.5,5.35,concrete,pt,,,615,RDJ4
bison_bb_rdj4,precast_concrete,beam_block,bison,metric,,0.215,0.15,0.1,,2.1,1.8,2,5.1,concrete,pt,,,615,RDJ4
bison_bb_rdj4,precast_concrete,beam_block,bison,metric,,0.215,0.15,0.1,,2.1,1.8,2.5,4.9,concrete,pt,,,615,RDJ4
bison_bb_rdj4,precast_concrete,beam_block,bison,metric,,0.215,0.15,0.1,,2.1,1.8,3,4.75,concrete,pt,,,615,RDJ4
bison_bb_rdj4,precast_concrete,beam_block,bison,metric,,0.215,0.15,0.1,,2.1,1.8,4,4.4,concrete,pt,,,615,RDJ4
bison_bb_rdj4,precast_concrete,beam_block,bison,metric,,0.215,0.15,0.1,,2.1,1.8,5,4.15,concrete,pt,,,615,RDJ4
bison_bb_rdj5,precast_concrete,beam_block,bison,metric,,0.215,0.15,0.1,,2.25,1.8,1.5,5.85,concrete,pt,,,503,RDJ5
bison_bb_rdj5,precast_concrete,beam_block,bison,metric,,0.215,0.15,0.1,,2.25,1.8,2,5.6,concrete,pt,,,503,RDJ5
bison_bb_rdj5,precast_concrete,beam_block,bison,metric,,0.215,0.15,0.1,,2.25,1.8,2.5,5.4,concrete,pt,,,503,RDJ5
bison_bb_rdj5,precast_concrete,beam_block,bison,metric,,0.215,0.15,0.1,,2.25,1.8,3,5.2,concrete,pt,,,503,RDJ5
bison_bb_rdj5,precast_concrete,beam_block,bison,metric,,0.215,0.15,0.1,,2.25,1.8,4,4.85,concrete,pt,,,503,RDJ5
bison_bb_rdj5,precast_concrete,beam_block,bison,metric,,0.215,0.15,0.1,,2.25,1.8,5,4.55,concrete,pt,,,503,RDJ5
bison_bb_rdj6,precast_concrete,beam_block,bison,metric,,0.215,0.15,0.1,,2.47,1.8,1.5,6.45,concrete,pt,,,390,RDJ6
bison_bb_rdj6,precast_concrete,beam_block,bison,metric,,0.215,0.15,0.1,,2.47,1.8,2,6.25,concrete,pt,,,390,RDJ6
bison_bb_rdj6,precast_concrete,beam_block,bison,metric,,0.215,0.15,0.1,,2.47,1.8,2.5,6.05,concrete,pt,,,390,RDJ6
bison_bb_rdj6,precast_concrete,beam_block,bison,metric,,0.215,0.15,0.1,,2.47,1.8,3,5.8,concrete,pt,,,390,RDJ6
bison_bb_rdj6,precast_concrete,beam_block,bison,metric,,0.215,0.15,0.1,,2.47,1.8,4,5.45,concrete,pt,,,390,RDJ6
bison_bb_rdj6,precast_concrete,beam_block,bison,metric,,0.215,0.15,0.1,,2.47,1.8,5,5.15,concrete,pt,,,390,RDJ6
bison_bb_tj1,precast_concrete,beam_block,bison,metric,,0.135,0.225,0.1,,2.3,1.8,1.5,6.45,concrete,pt,,,535,TJ1
bison_bb_tj1,precast_concrete,beam_block,bison,metric,,0.135,0.225,0.1,,2.3,1.8,2,6.15,concrete,pt,,,535,TJ1
bison_bb_tj1,precast_concrete,beam_block,bison,metric,,0.135,0.225,0.1,,2.3,1.8,2.5,5.9,concrete,pt,,,535,TJ1
bison_bb_tj1,precast_concrete,beam_block,bison,metric,,0.135,0.225,0.1,,2.3,1.8,3,5.7,concrete,pt,,,535,TJ1
bison_bb_tj1,precast_concrete,beam_block,bison,metric,,0.135,0.225,0.1,,2.3,1.8,4,5.35,concrete,pt,,,535,TJ1
bison_bb_tj1,precast_concrete,beam_block,bison,metric,,0.135,0.225,0.1,,2.3,1.8,5,5,concrete,pt,,,535,TJ1
bison_bb_tj2,precast_concrete,beam_block,bison,metric,,0.135,0.225,0.1,,2.51,1.8,1.5,7.1,concrete,pt,,,422,TJ2
bison_bb_tj2,precast_concrete,beam_block,bison,metric,,0.135,0.225,0.1,,2.51,1.8,2,6.8,concrete,pt,,,422,TJ2
bison_bb_tj2,precast_concrete,beam_block,bison,metric,,0.135,0.225,0.1,,2.51,1.8,2.5,6.55,concrete,pt,,,422,TJ2
bison_bb_tj2,precast_concrete,beam_block,bison,metric,,0.135,0.225,0.1,,2.51,1.8,3,6.35,concrete,pt,,,422,TJ2
bison_bb_tj2,precast_concrete,beam_block,bison,metric,,0.135,0.225,0.1,,2.51,1.8,4,5.95,concrete,pt,,,422,TJ2
bison_bb_tj2,precast_concrete,beam_block,bison,metric,,0.135,0.225,0.1,,2.51,1.8,5,5.6,concrete,pt,,,422,TJ2
bison_bb_tj3,precast_concrete,beam_block,bison,metric,,0.135,0.225,0.1,,2.89,1.8,1.5,7.75,concrete,pt,,,310,TJ3
bison_bb_tj3,precast_concrete,beam_block,bison,metric,,0.135,0.225,0.1,,2.89,1.8,2,7.75,concrete,pt,,,310,TJ3
bison_bb_tj3,precast_concrete,beam_block,bison,metric,,0.135,0.225,0.1,,2.89,1.8,2.5,7.45,concrete,pt,,,310,TJ3
bison_bb_tj3,precast_concrete,beam_block,bison,metric,,0.135,0.225,0.1,,2.89,1.8,3,7.2,concrete,pt,,,310,TJ3
bison_bb_tj3,precast_concrete,beam_block,bison,metric,,0.135,0.225,0.1,,2.89,1.8,4,6.8,concrete,pt,,,310,TJ3
bison_bb_tj3,precast_concrete,beam_block,bison,metric,,0.135,0.225,0.1,,2.89,1.8,5,6.4,concrete,pt,,,310,TJ3
cemex_bb_155_a,precast_concrete,beam_block,cemex,metric,,0.1,0.155,0.1,,2.28,1.56,1.5,4.48,concrete,pt,,,520,CEMEX_155_A
cemex_bb_155_a,precast_concrete,beam_block,cemex,metric,,0.1,0.155,0.1,,2.28,1.56,2,4.36,concrete,pt,,,520,CEMEX_155_A
cemex_bb_155_a,precast_concrete,beam_block,cemex,metric,,0.1,0.155,0.1,,2.28,1.56,2.5,4.25,concrete,pt,,,520,CEMEX_155_A
cemex_bb_155_a,precast_concrete,beam_block,cemex,metric,,0.1,0.155,0.1,,2.28,1.56,3,4.15,concrete,pt,,,520,CEMEX_155_A
cemex_bb_155_a,precast_concrete,beam_block,cemex,metric,,0.1,0.155,0.1,,2.28,1.56,4,3.905,concrete,pt,,,520,CEMEX_155_A
cemex_bb_155_a,precast_concrete,beam_block,cemex,metric,,0.1,0.155,0.1,,2.28,1.56,5,3.66,concrete,pt,,,520,CEMEX_155_A
cemex_bb_155_b,precast_concrete,beam_block,cemex,metric,,0.1,0.155,0.1,,2.6,1.56,1.5,5.73,concrete,pt,,,295,CEMEX_155_B
cemex_bb_155_b,precast_concrete,beam_block,cemex,metric,,0.1,0.155,0.1,,2.6,1.56,2,5.61,concrete,pt,,,295,CEMEX_155_B
cemex_bb_155_b,precast_concrete,beam_block,cemex,metric,,0.1,0.155,0.1,,2.6,1.56,2.5,5.48,concrete,pt,,,295,CEMEX_155_B
cemex_bb_155_b,precast_concrete,beam_block,cemex,metric,,0.1,0.155,0.1,,2.6,1.56,3,5.36,concrete,pt,,,295,CEMEX_155_B
cemex_bb_155_b,precast_concrete,beam_block,cemex,metric,,0.1,0.155,0.1,,2.6,1.56,4,5.09,concrete,pt,,,295,CEMEX_155_B
cemex_bb_155_b,precast_concrete,beam_block,cemex,metric,,0.1,0.155,0.1,,2.6,1.56,5,4.78,concrete,pt,,,295,CEMEX_155_B
cemex_bb_155_c,precast_concrete,beam_block,cemex,metric,,0.1,0.155,0.1,,2.39,1.56,1.5,4.995,concrete,pt,,,408,CEMEX_155_C
cemex_bb_155_c,precast_concrete,beam_block,cemex,metric,,0.1,0.155,0.1,,2.39,1.56,2,4.865,concrete,pt,,,408,CEMEX_155_C
cemex_bb_155_c,precast_concrete,beam_block,cemex,metric,,0.1,0.155,0.1,,2.39,1.56,2.5,4.748,concrete,pt,,,408,CEMEX_155_C
cemex_bb_155_c,precast_concrete,beam_block,cemex,metric,,0.1,0.155,0.1,,2.39,1.56,3,4.64,concrete,pt,,,408,CEMEX_155_C
cemex_bb_155_c,precast_concrete,beam_block,cemex,metric,,0.1,0.155,0.1,,2.39,1.56,4,4.378,concrete,pt,,,408,CEMEX_155_C
cemex_bb_155_c,precast_concrete,beam_block,cemex,metric,,0.1,0.155,0.1,,2.39,1.56,5,4.105,concrete,pt,,,408,CEMEX_155_C
cemex_bb_155_d,precast_concrete,beam_block,cemex,metric,,0.1,0.155,0.1,,2.57,1.56,1.5,5.52,concrete,pt,,,324,CEMEX_155_D
cemex_bb_155_d,precast_concrete,beam_block,cemex,metric,,0.1,0.155,0.1,,2.57,1.56,2,5.37,concrete,pt,,,324,CEMEX_155_D
cemex_bb_155_d,precast_concrete,beam_block,cemex,metric,,0.1,0.155,0.1,,2.57,1.56,2.5,5.244,concrete,pt,,,324,CEMEX_155_D
cemex_bb_155_d,precast_concrete,beam_block,cemex,metric,,0.1,0.155,0.1,,2.57,1.56,3,5.13,concrete,pt,,,324,CEMEX_155_D
cemex_bb_155_d,precast_concrete,beam_block,cemex,metric,,0.1,0.155,0.1,,2.57,1.56,4,4.874,concrete,pt,,,324,CEMEX_155_D
cemex_bb_155_d,precast_concrete,beam_block,cemex,metric,,0.1,0.155,0.1,,2.57,1.56,5,4.574,concrete,pt,,,324,CEMEX_155_D
cemex_bb_155_e,precast_concrete,beam_block,cemex,metric,,0.1,0.155,0.1,,2.95,1.56,1.5,5.9,concrete,pt,,,211,CEMEX_155_E
cemex_bb_155_e,precast_concrete,beam_block,cemex,metric,,0.1,0.155,0.1,,2.95,1.56,2,5.9,concrete,pt,,,211,CEMEX_155_E
cemex_bb_155_e,precast_concrete,beam_block,cemex,metric,,0.1,0.155,0.1,,2.95,1.56,2.5,5.9,concrete,pt,,,211,CEMEX_155_E
cemex_bb_155_e,precast_concrete,beam_block,cemex,metric,,0.1,0.155,0.1,,2.95,1.56,3,5.9,concrete,pt,,,211,CEMEX_155_E
cemex_bb_155_e,precast_concrete,beam_block,cemex,metric,,0.1,0.155,0.1,,2.95,1.56,4,5.83,concrete,pt,,,211,CEMEX_155_E
cemex_bb_155_e,precast_concrete,beam_block,cemex,metric,,0.1,0.155,0.1,,2.95,1.56,5,5.564,concrete,pt,,,211,CEMEX_155_E
cemex_bb_155_1450_a,precast_concrete,beam_block,cemex,metric,,0.1,0.155,0.1,,1.91,1.56,1.5,4.67,concrete,pt,,,520,CEMEX_155_1450_A
cemex_bb_155_1450_a,precast_concrete,beam_block,cemex,metric,,0.1,0.155,0.1,,1.91,1.56,2,4.54,concrete,pt,,,520,CEMEX_155_1450_A
cemex_bb_155_1450_a,precast_concrete,beam_block,cemex,metric,,0.1,0.155,0.1,,1.91,1.56,2.5,4.42,concrete,pt,,,520,CEMEX_155_1450_A
cemex_bb_155_1450_a,precast_concrete,beam_block,cemex,metric,,0.1,0.155,0.1,,1.91,1.56,3,4.306,concrete,pt,,,520,CEMEX_155_1450_A
cemex_bb_155_1450_a,precast_concrete,beam_block,cemex,metric,,0.1,0.155,0.1,,1.91,1.56,4,3.99,concrete,pt,,,520,CEMEX_155_1450_A
cemex_bb_155_1450_a,precast_concrete,beam_block,cemex,metric,,0.1,0.155,0.1,,1.91,1.56,5,3.73,concrete,pt,,,520,CEMEX_155_1450_A
cemex_bb_155_1450_b,precast_concrete,beam_block,cemex,metric,,0.1,0.155,0.1,,2.28,1.56,1.5,5.9,concrete,pt,,,295,CEMEX_155_1450_B
cemex_bb_155_1450_b,precast_concrete,beam_block,cemex,metric,,0.1,0.155,0.1,,2.28,1.56,2,5.78,concrete,pt,,,295,CEMEX_155_1450_B
cemex_bb_155_1450_b,precast_concrete,beam_block,cemex,metric,,0.1,0.155,0.1,,2.28,1.56,2.5,5.65,concrete,pt,,,295,CEMEX_155_1450_B
cemex_bb_155_1450_b,precast_concrete,beam_block,cemex,metric,,0.1,0.155,0.1,,2.28,1.56,3,5.517,concrete,pt,,,295,CEMEX_155_1450_B
cemex_bb_155_1450_b,precast_concrete,beam_block,cemex,metric,,0.1,0.155,0.1,,2.28,1.56,4,5.185,concrete,pt,,,295,CEMEX_155_1450_B
cemex_bb_155_1450_b,precast_concrete,beam_block,cemex,metric,,0.1,0.155,0.1,,2.28,1.56,5,4.858,concrete,pt,,,295,CEMEX_155_1450_B
cemex_bb_155_1450_c,precast_concrete,beam_block,cemex,metric,,0.1,0.155,0.1,,2.04,1.56,1.5,5.195,concrete,pt,,,408,CEMEX_155_1450_C
cemex_bb_155_1450_c,precast_concrete,beam_block,cemex,metric,,0.1,0.155,0.1,,2.04,1.56,2,5.05,concrete,pt,,,408,CEMEX_155_1450_C
cemex_bb_155_1450_c,precast_concrete,beam_block,cemex,metric,,0.1,0.155,0.1,,2.04,1.56,2.5,4.92,concrete,pt,,,408,CEMEX_155_1450_C
cemex_bb_155_1450_c,precast_concrete,beam_block,cemex,metric,,0.1,0.155,0.1,,2.04,1.56,3,4.8,concrete,pt,,,408,CEMEX_155_1450_C
cemex_bb_155_1450_c,precast_concrete,beam_block,cemex,metric,,0.1,0.155,0.1,,2.04,1.56,4,4.47,concrete,pt,,,408,CEMEX_155_1450_C
cemex_bb_155_1450_c,precast_concrete,beam_block,cemex,metric,,0.1,0.155,0.1,,2.04,1.56,5,4.18,concrete,pt,,,408,CEMEX_155_1450_C
cemex_bb_155_1450_d,precast_concrete,beam_block,cemex,metric,,0.1,0.155,0.1,,2.27,1.56,1.5,5.684,concrete,pt,,,324,CEMEX_155_1450_D
cemex_bb_155_1450_d,precast_concrete,beam_block,cemex,metric,,0.1,0.155,0.1,,2.27,1.56,2,5.538,concrete,pt,,,324,CEMEX_155_1450_D
cemex_bb_155_1450_d,precast_concrete,beam_block,cemex,metric,,0.1,0.155,0.1,,2.27,1.56,2.5,5.404,concrete,pt,,,324,CEMEX_155_1450_D
cemex_bb_155_1450_d,precast_concrete,beam_block,cemex,metric,,0.1,0.155,0.1,,2.27,1.56,3,5.28,concrete,pt,,,324,CEMEX_155_1450_D
cemex_bb_155_1450_d,precast_concrete,beam_block,cemex,metric,,0.1,0.155,0.1,,2.27,1.56,4,4.96,concrete,pt,,,324,CEMEX_155_1450_D
cemex_bb_155_1450_d,precast_concrete,beam_block,cemex,metric,,0.1,0.155,0.1,,2.27,1.56,5,4.644,concrete,pt,,,324,CEMEX_155_1450_D
cemex_bb_155_1450_e,precast_concrete,beam_block,cemex,metric,,0.1,0.155,0.1,,2.72,1.56,1.5,5.9,concrete,pt,,,211,CEMEX_155_1450_E
cemex_bb_155_1450_e,precast_concrete,beam_block,cemex,metric,,0.1,0.155,0.1,,2.72,1.56,2,5.9,concrete,pt,,,211,CEMEX_155_1450_E
cemex_bb_155_1450_e,precast_concrete,beam_block,cemex,metric,,0.1,0.155,0.1,,2.72,1.56,2.5,5.9,concrete,pt,,,211,CEMEX_155_1450_E
cemex_bb_155_1450_e,precast_concrete,beam_block,cemex,metric,,0.1,0.155,0.1,,2.72,1.56,3,5.9,concrete,pt,,,211,CEMEX_155_1450_E
cemex_bb_155_1450_e,precast_concrete,beam_block,cemex,metric,,0.1,0.155,0.1,,2.72,1.56,4,5.9,concrete,pt,,,211,CEMEX_155_1450_E
cemex_bb_155_1450_e,precast_concrete,beam_block,cemex,metric,,0.1,0.155,0.1,,2.72,1.56,5,5.63,concrete,pt,,,211,CEMEX_155_1450_E
cemex_bb_225_1900_a,precast_concrete,beam_block,cemex,metric,,0.1,0.225,0.1,,2.82,1.56,1.5,6.408,concrete,pt,,,520,CEMEX_225_1900_A
cemex_bb_225_1900_a,precast_concrete,beam_block,cemex,metric,,0.1,0.225,0.1,,2.82,1.56,2,6.257,concrete,pt,,,520,CEMEX_225_1900_A
cemex_bb_225_1900_a,precast_concrete,beam_block,cemex,metric,,0.1,0.225,0.1,,2.82,1.56,2.5,6.117,concrete,pt,,,520,CEMEX_225_1900_A
cemex_bb_225_1900_a,precast_concrete,beam_block,cemex,metric,,0.1,0.225,0.1,,2.82,1.56,3,5.985,concrete,pt,,,520,CEMEX_225_1900_A
cemex_bb_225_1900_a,precast_concrete,beam_block,cemex,metric,,0.1,0.225,0.1,,2.82,1.56,4,5.697,concrete,pt,,,520,CEMEX_225_1900_A
cemex_bb_225_1900_a,precast_concrete,beam_block,cemex,metric,,0.1,0.225,0.1,,2.82,1.56,5,5.358,concrete,pt,,,520,CEMEX_225_1900_A
cemex_bb_225_1900_b,precast_concrete,beam_block,cemex,metric,,0.1,0.225,0.1,,3.5,1.56,1.5,7.874,concrete,pt,,,295,CEMEX_225_1900_B
cemex_bb_225_1900_b,precast_concrete,beam_block,cemex,metric,,0.1,0.225,0.1,,3.5,1.56,2,7.719,concrete,pt,,,295,CEMEX_225_1900_B
cemex_bb_225_1900_b,precast_concrete,beam_block,cemex,metric,,0.1,0.225,0.1,,3.5,1.56,2.5,7.565,concrete,pt,,,295,CEMEX_225_1900_B
cemex_bb_225_1900_b,precast_concrete,beam_block,cemex,metric,,0.1,0.225,0.1,,3.5,1.56,3,7.419,concrete,pt,,,295,CEMEX_225_1900_B
cemex_bb_225_1900_b,precast_concrete,beam_block,cemex,metric,,0.1,0.225,0.1,,3.5,1.56,4,7.15,concrete,pt,,,295,CEMEX_225_1900_B
cemex_bb_225_1900_b,precast_concrete,beam_block,cemex,metric,,0.1,0.225,0.1,,3.5,1.56,5,6.798,concrete,pt,,,295,CEMEX_225_1900_B
cemex_bb_225_1900_c,precast_concrete,beam_block,cemex,metric,,0.1,0.225,0.1,,3.07,1.56,1.5,7.028,concrete,pt,,,408,CEMEX_225_1900_C
cemex_bb_225_1900_c,precast_concrete,beam_block,cemex,metric,,0.1,0.225,0.1,,3.07,1.56,2,6.87,concrete,pt,,,408,CEMEX_225_1900_C
cemex_bb_225_1900_c,precast_concrete,beam_block,cemex,metric,,0.1,0.225,0.1,,3.07,1.56,2.5,6.723,concrete,pt,,,408,CEMEX_225_1900_C
cemex_bb_225_1900_c,precast_concrete,beam_block,cemex,metric,,0.1,0.225,0.1,,3.07,1.56,3,6.584,concrete,pt,,,408,CEMEX_225_1900_C
cemex_bb_225_1900_c,precast_concrete,beam_block,cemex,metric,,0.1,0.225,0.1,,3.07,1.56,4,6.136,concrete,pt,,,408,CEMEX_225_1900_C
cemex_bb_225_1900_c,precast_concrete,beam_block,cemex,metric,,0.1,0.225,0.1,,3.07,1.56,5,5.948,concrete,pt,,,408,CEMEX_225_1900_C
cemex_bb_225_1900_d,precast_concrete,beam_block,cemex,metric,,0.1,0.225,0.1,,3.39,1.56,1.5,7.596,concrete,pt,,,324,CEMEX_225_1900_D
cemex_bb_225_1900_d,precast_concrete,beam_block,cemex,metric,,0.1,0.225,0.1,,3.39,1.56,2,7.435,concrete,pt,,,324,CEMEX_225_1900_D
cemex_bb_225_1900_d,precast_concrete,beam_block,cemex,metric,,0.1,0.225,0.1,,3.39,1.56,2.5,7.28,concrete,pt,,,324,CEMEX_225_1900_D
cemex_bb_225_1900_d,precast_concrete,beam_block,cemex,metric,,0.1,0.225,0.1,,3.39,1.56,3,7.14,concrete,pt,,,324,CEMEX_225_1900_D
cemex_bb_225_1900_d,precast_concrete,beam_block,cemex,metric,,0.1,0.225,0.1,,3.39,1.56,4,6.879,concrete,pt,,,324,CEMEX_225_1900_D
cemex_bb_225_1900_d,precast_concrete,beam_block,cemex,metric,,0.1,0.225,0.1,,3.39,1.56,5,6.52,concrete,pt,,,324,CEMEX_225_1900_D
cemex_bb_225_1900_e,precast_concrete,beam_block,cemex,metric,,0.1,0.225,0.1,,4.13,1.56,1.5,7.9,concrete,pt,,,211,CEMEX_225_1900_E
cemex_bb_225_1900_e,precast_concrete,beam_block,cemex,metric,,0.1,0.225,0.1,,4.13,1.56,2,7.9,concrete,pt,,,211,CEMEX_225_1900_E
cemex_bb_225_1900_e,precast_concrete,beam_block,cemex,metric,,0.1,0.225,0.1,,4.13,1.56,2.5,7.9,concrete,pt,,,211,CEMEX_225_1900_E
cemex_bb_225_1900_e,precast_concrete,beam_block,cemex,metric,,0.1,0.225,0.1,,4.13,1.56,3,7.9,concrete,pt,,,211,CEMEX_225_1900_E
cemex_bb_225_1900_e,precast_concrete,beam_block,cemex,metric,,0.1,0.225,0.1,,4.13,1.56,4,7.9,concrete,pt,,,211,CEMEX_225_1900_E
cemex_bb_225_1900_e,precast_concrete,beam_block,cemex,metric,,0.1,0.225,0.1,,4.13,1.56,5,7.68,concrete,pt,,,211,CEMEX_225_1900_E
milbank_bb_155_md,precast_concrete,beam_block,milbank,metric,,0.1,0.155,0.1,,1.78,1.8,0.75,3.75,concrete,pt,,,510,MILBANK_155MD_W
milbank_bb_155_md,precast_concrete,beam_block,milbank,metric,,0.1,0.155,0.1,,1.78,1.8,1.5,3.5,concrete,pt,,,510,MILBANK_155MD_W
milbank_bb_155_md,precast_concrete,beam_block,milbank,metric,,0.1,0.155,0.1,,1.78,1.8,2,3.3,concrete,pt,,,510,MILBANK_155MD_W
milbank_bb_155_md,precast_concrete,beam_block,milbank,metric,,0.1,0.155,0.1,,1.78,1.8,2.5,3.2,concrete,pt,,,510,MILBANK_155MD_W
milbank_bb_155_md,precast_concrete,beam_block,milbank,metric,,0.1,0.155,0.1,,1.78,1.8,3,3.05,concrete,pt,,,510,MILBANK_155MD_W
milbank_bb_155_md,precast_concrete,beam_block,milbank,metric,,0.1,0.155,0.1,,1.78,1.8,4,2.85,concrete,pt,,,510,MILBANK_155MD_W
milbank_bb_155_md,precast_concrete,beam_block,milbank,metric,,0.1,0.155,0.1,,1.78,1.8,5,2.7,concrete,pt,,,510,MILBANK_155MD_W
milbank_bb_155_md,precast_concrete,beam_block,milbank,metric,,0.1,0.155,0.1,,1.78,1.8,7.5,2.35,concrete,pt,,,510,MILBANK_155MD_W
milbank_bb_155_md,precast_concrete,beam_block,milbank,metric,,0.1,0.155,0.1,,1.88,1.8,0.75,4.2,concrete,pt,,,398,MILBANK_155MD_A
milbank_bb_155_md,precast_concrete,beam_block,milbank,metric,,0.1,0.155,0.1,,1.88,1.8,1.5,3.9,concrete,pt,,,398,MILBANK_155MD_A
milbank_bb_155_md,precast_concrete,beam_block,milbank,metric,,0.1,0.155,0.1,,1.88,1.8,2,3.75,concrete,pt,,,398,MILBANK_155MD_A
milbank_bb_155_md,precast_concrete,beam_block,milbank,metric,,0.1,0.155,0.1,,1.88,1.8,2.5,3.6,concrete,pt,,,398,MILBANK_155MD_A
milbank_bb_155_md,precast_concrete,beam_block,milbank,metric,,0.1,0.155,0.1,,1.88,1.8,3,3.45,concrete,pt,,,398,MILBANK_155MD_A
milbank_bb_155_md,precast_concrete,beam_block,milbank,metric,,0.1,0.155,0.1,,1.88,1.8,4,3.25,concrete,pt,,,398,MILBANK_155MD_A
milbank_bb_155_md,precast_concrete,beam_block,milbank,metric,,0.1,0.155,0.1,,1.88,1.8,5,3.05,concrete,pt,,,398,MILBANK_155MD_A
milbank_bb_155_md,precast_concrete,beam_block,milbank,metric,,0.1,0.155,0.1,,1.88,1.8,7.5,2.7,concrete,pt,,,398,MILBANK_155MD_A
milbank_bb_155_md,precast_concrete,beam_block,milbank,metric,,0.1,0.155,0.1,,2.06,1.8,0.75,4.95,concrete,pt,,,285,MILBANK_155MD_N
milbank_bb_155_md,precast_concrete,beam_block,milbank,metric,,0.1,0.155,0.1,,2.06,1.8,1.5,4.6,concrete,pt,,,285,MILBANK_155MD_N
milbank_bb_155_md,precast_concrete,beam_block,milbank,metric,,0.1,0.155,0.1,,2.06,1.8,2,4.4,concrete,pt,,,285,MILBANK_155MD_N
milbank_bb_155_md,precast_concrete,beam_block,milbank,metric,,0.1,0.155,0.1,,2.06,1.8,2.5,4.2,concrete,pt,,,285,MILBANK_155MD_N
milbank_bb_155_md,precast_concrete,beam_block,milbank,metric,,0.1,0.155,0.1,,2.06,1.8,3,4.15,concrete,pt,,,285,MILBANK_155MD_N
milbank_bb_155_md,precast_concrete,beam_block,milbank,metric,,0.1,0.155,0.1,,2.06,1.8,4,3.8,concrete,pt,,,285,MILBANK_155MD_N
milbank_bb_155_md,precast_concrete,beam_block,milbank,metric,,0.1,0.155,0.1,,2.06,1.8,5,3.6,concrete,pt,,,285,MILBANK_155MD_N
milbank_bb_155_md,precast_concrete,beam_block,milbank,metric,,0.1,0.155,0.1,,2.06,1.8,7.5,3.15,concrete,pt,,,285,MILBANK_155MD_N
milbank_bb_155_md,precast_concrete,beam_block,milbank,metric,,0.1,0.155,0.1,,2.11,1.8,0.75,4.7,concrete,pt,,,620,MILBANK_155MD_DW
milbank_bb_155_md,precast_concrete,beam_block,milbank,metric,,0.1,0.155,0.1,,2.11,1.8,1.5,4.4,concrete,pt,,,620,MILBANK_155MD_DW
milbank_bb_155_md,precast_concrete,beam_block,milbank,metric,,0.1,0.155,0.1,,2.11,1.8,2,4.2,concrete,pt,,,620,MILBANK_155MD_DW
milbank_bb_155_md,precast_concrete,beam_block,milbank,metric,,0.1,0.155,0.1,,2.11,1.8,2.5,4.05,concrete,pt,,,620,MILBANK_155MD_DW
milbank_bb_155_md,precast_concrete,beam_block,milbank,metric,,0.1,0.155,0.1,,2.11,1.8,3,3.9,concrete,pt,,,620,MILBANK_155MD_DW
milbank_bb_155_md,precast_concrete,beam_block,milbank,metric,,0.1,0.155,0.1,,2.11,1.8,4,3.65,concrete,pt,,,620,MILBANK_155MD_DW
milbank_bb_155_md,precast_concrete,beam_block,milbank,metric,,0.1,0.155,0.1,,2.11,1.8,5,3.45,concrete,pt,,,620,MILBANK_155MD_DW
milbank_bb_155_md,precast_concrete,beam_block,milbank,metric,,0.1,0.155,0.1,,2.11,1.8,7.5,3.05,concrete,pt,,,620,MILBANK_155MD_DW
milbank_bb_155_md,precast_concrete,beam_block,milbank,metric,,0.1,0.155,0.1,,2.26,1.8,0.75,5.15,concrete,pt,,,508,MILBANK_155MD_DA
milbank_bb_155_md,precast_concrete,beam_block,milbank,metric,,0.1,0.155,0.1,,2.26,1.8,1.5,4.8,concrete,pt,,,508,MILBANK_155MD_DA
milbank_bb_155_md,precast_concrete,beam_block,milbank,metric,,0.1,0.155,0.1,,2.26,1.8,2,4.6,concrete,pt,,,508,MILBANK_155MD_DA
milbank_bb_155_md,precast_concrete,beam_block,milbank,metric,,0.1,0.155,0.1,,2.26,1.8,2.5,4.45,concrete,pt,,,508,MILBANK_155MD_DA
milbank_bb_155_md,precast_concrete,beam_block,milbank,metric,,0.1,0.155,0.1,,2.26,1.8,3,4.25,concrete,pt,,,508,MILBANK_155MD_DA
milbank_bb_155_md,precast_concrete,beam_block,milbank,metric,,0.1,0.155,0.1,,2.26,1.8,4,4,concrete,pt,,,508,MILBANK_155MD_DA
milbank_bb_155_md,precast_concrete,beam_block,milbank,metric,,0.1,0.155,0.1,,2.26,1.8,5,3.8,concrete,pt,,,508,MILBANK_155MD_DA
milbank_bb_155_md,precast_concrete,beam_block,milbank,metric,,0.1,0.155,0.1,,2.26,1.8,7.5,3.35,concrete,pt,,,508,MILBANK_155MD_DA
milbank_bb_155_md,precast_concrete,beam_block,milbank,metric,,0.1,0.155,0.1,,2.5,1.8,0.75,5.7,concrete,pt,,,395,MILBANK_155MD_DN
milbank_bb_155_md,precast_concrete,beam_block,milbank,metric,,0.1,0.155,0.1,,2.5,1.8,1.5,5.35,concrete,pt,,,395,MILBANK_155MD_DN
milbank_bb_155_md,precast_concrete,beam_block,milbank,metric,,0.1,0.155,0.1,,2.5,1.8,2,5.15,concrete,pt,,,395,MILBANK_155MD_DN
milbank_bb_155_md,precast_concrete,beam_block,milbank,metric,,0.1,0.155,0.1,,2.5,1.8,2.5,4.95,concrete,pt,,,395,MILBANK_155MD_DN
milbank_bb_155_md,precast_concrete,beam_block,milbank,metric,,0.1,0.155,0.1,,2.5,1.8,3,4.8,concrete,pt,,,395,MILBANK_155MD_DN
milbank_bb_155_md,precast_concrete,beam_block,milbank,metric,,0.1,0.155,0.1,,2.5,1.8,4,4.5,concrete,pt,,,395,MILBANK_155MD_DN
milbank_bb_155_md,precast_concrete,beam_block,milbank,metric,,0.1,0.155,0.1,,2.5,1.8,5,4.25,concrete,pt,,,395,MILBANK_155MD_DN
milbank_bb_155_md,precast_concrete,beam_block,milbank,metric,,0.1,0.155,0.1,,2.5,1.8,7.5,3.75,concrete,pt,,,395,MILBANK_155MD_DN
milbank_bb_155_md,precast_concrete,beam_block,milbank,metric,,0.1,0.155,0.1,,2.75,1.8,0.75,6.1,concrete,pt,,,505,MILBANK_155MD_TN
milbank_bb_155_md,precast_concrete,beam_block,milbank,metric,,0.1,0.155,0.1,,2.75,1.8,1.5,5.7,concrete,pt,,,505,MILBANK_155MD_TN
milbank_bb_155_md,precast_concrete,beam_block,milbank,metric,,0.1,0.155,0.1,,2.75,1.8,2,5.5,concrete,pt,,,505,MILBANK_155MD_TN
milbank_bb_155_md,precast_concrete,beam_block,milbank,metric,,0.1,0.155,0.1,,2.75,1.8,2.5,5.3,concrete,pt,,,505,MILBANK_155MD_TN
milbank_bb_155_md,precast_concrete,beam_block,milbank,metric,,0.1,0.155,0.1,,2.75,1.8,3,5.1,concrete,pt,,,505,MILBANK_155MD_TN
milbank_bb_155_md,precast_concrete,beam_block,milbank,metric,,0.1,0.155,0.1,,2.75,1.8,4,4.8,concrete,pt,,,505,MILBANK_155MD_TN
milbank_bb_155_md,precast_concrete,beam_block,milbank,metric,,0.1,0.155,0.1,,2.75,1.8,5,4.75,concrete,pt,,,505,MILBANK_155MD_TN
milbank_bb_155_md,precast_concrete,beam_block,milbank,metric,,0.1,0.155,0.1,,2.75,1.8,7.5,4.05,concrete,pt,,,505,MILBANK_155MD_TN
lynx_bb_cs120,precast_concrete,beam_block,lynx,metric,,0.12,0.15,0.15,,,1.61,1.5,4.234,concrete,pt,,,516,LYNX_CS120_S516
lynx_bb_cs120,precast_concrete,beam_block,lynx,metric,,0.12,0.15,0.15,,,1.61,2,3.885,concrete,pt,,,516,LYNX_CS120_S516
lynx_bb_cs120,precast_concrete,beam_block,lynx,metric,,0.12,0.15,0.15,,,1.61,3,3.597,concrete,pt,,,516,LYNX_CS120_S516
lynx_bb_cs120,precast_concrete,beam_block,lynx,metric,,0.12,0.15,0.15,,,1.61,4,3.184,concrete,pt,,,516,LYNX_CS120_S516
lynx_bb_cs120,precast_concrete,beam_block,lynx,metric,,0.12,0.15,0.15,,,1.61,5,2.816,concrete,pt,,,516,LYNX_CS120_S516
lynx_bb_cs120,precast_concrete,beam_block,lynx,metric,,0.12,0.15,0.15,,,1.61,7.5,2.177,concrete,pt,,,516,LYNX_CS120_S516
lynx_bb_cs120,precast_concrete,beam_block,lynx,metric,,0.12,0.15,0.15,,,1.61,2.5,3.407,concrete,pt,,,516,LYNX_CS120_S516
lynx_bb_cs120,precast_concrete,beam_block,lynx,metric,,0.12,0.15,0.15,,,1.61,1.5,4.747,concrete,pt,,,404,LYNX_CS120_S404
lynx_bb_cs120,precast_concrete,beam_block,lynx,metric,,0.12,0.15,0.15,,,1.61,2,4.365,concrete,pt,,,404,LYNX_CS120_S404
lynx_bb_cs120,precast_concrete,beam_block,lynx,metric,,0.12,0.15,0.15,,,1.61,3,4.048,concrete,pt,,,404,LYNX_CS120_S404
lynx_bb_cs120,precast_concrete,beam_block,lynx,metric,,0.12,0.15,0.15,,,1.61,4,3.781,concrete,pt,,,404,LYNX_CS120_S404
lynx_bb_cs120,precast_concrete,beam_block,lynx,metric,,0.12,0.15,0.15,,,1.61,5,3.55,concrete,pt,,,404,LYNX_CS120_S404
lynx_bb_cs120,precast_concrete,beam_block,lynx,metric,,0.12,0.15,0.15,,,1.61,7.5,2.785,concrete,pt,,,404,LYNX_CS120_S404
lynx_bb_cs120,precast_concrete,beam_block,lynx,metric,,0.12,0.15,0.15,,,1.61,2.5,3.758,concrete,pt,,,404,LYNX_CS120_S404
lynx_bb_cs120,precast_concrete,beam_block,lynx,metric,,0.12,0.15,0.15,,,1.61,1.5,5.3,concrete,pt,,,291,LYNX_CS120_S291
lynx_bb_cs120,precast_concrete,beam_block,lynx,metric,,0.12,0.15,0.15,,,1.61,2,5.073,concrete,pt,,,291,LYNX_CS120_S291
lynx_bb_cs120,precast_concrete,beam_block,lynx,metric,,0.12,0.15,0.15,,,1.61,3,4.72,concrete,pt,,,291,LYNX_CS120_S291
lynx_bb_cs120,precast_concrete,beam_block,lynx,metric,,0.12,0.15,0.15,,,1.61,4,4.417,concrete,pt,,,291,LYNX_CS120_S291
lynx_bb_cs120,precast_concrete,beam_block,lynx,metric,,0.12,0.15,0.15,,,1.61,5,4.165,concrete,pt,,,291,LYNX_CS120_S291
lynx_bb_cs120,precast_concrete,beam_block,lynx,metric,,0.12,0.15,0.15,,,1.61,7.5,3.682,concrete,pt,,,291,LYNX_CS120_S291
lynx_bb_cs120,precast_concrete,beam_block,lynx,metric,,0.12,0.15,0.15,,,1.61,2.5,4.105,concrete,pt,,,291,LYNX_CS120_S291
lynx_bb_cs160,precast_concrete,beam_block,lynx,metric,,0.16,0.15,0.15,,,1.61,1.5,5.127,concrete,pt,,,556,LYNX_CS160_S556
lynx_bb_cs160,precast_concrete,beam_block,lynx,metric,,0.16,0.15,0.15,,,1.61,2,4.716,concrete,pt,,,556,LYNX_CS160_S556
lynx_bb_cs160,precast_concrete,beam_block,lynx,metric,,0.16,0.15,0.15,,,1.61,3,4.39,concrete,pt,,,556,LYNX_CS160_S556
lynx_bb_cs160,precast_concrete,beam_block,lynx,metric,,0.16,0.15,0.15,,,1.61,4,4.121,concrete,pt,,,556,LYNX_CS160_S556
lynx_bb_cs160,precast_concrete,beam_block,lynx,metric,,0.16,0.15,0.15,,,1.61,5,3.896,concrete,pt,,,556,LYNX_CS160_S556
lynx_bb_cs160,precast_concrete,beam_block,lynx,metric,,0.16,0.15,0.15,,,1.61,7.5,3.444,concrete,pt,,,556,LYNX_CS160_S556
lynx_bb_cs160,precast_concrete,beam_block,lynx,metric,,0.16,0.15,0.15,,,1.61,2.5,4.597,concrete,pt,,,556,LYNX_CS160_S556
lynx_bb_cs160,precast_concrete,beam_block,lynx,metric,,0.16,0.15,0.15,,,1.61,1.5,5.675,concrete,pt,,,444,LYNX_CS160_S444
lynx_bb_cs160,precast_concrete,beam_block,lynx,metric,,0.16,0.15,0.15,,,1.61,2,5.232,concrete,pt,,,444,LYNX_CS160_S444
lynx_bb_cs160,precast_concrete,beam_block,lynx,metric,,0.16,0.15,0.15,,,1.61,3,4.878,concrete,pt,,,444,LYNX_CS160_S444
lynx_bb_cs160,precast_concrete,beam_block,lynx,metric,,0.16,0.15,0.15,,,1.61,4,4.586,concrete,pt,,,444,LYNX_CS160_S444
lynx_bb_cs160,precast_concrete,beam_block,lynx,metric,,0.16,0.15,0.15,,,1.61,5,4.34,concrete,pt,,,444,LYNX_CS160_S444
lynx_bb_cs160,precast_concrete,beam_block,lynx,metric,,0.16,0.15,0.15,,,1.61,7.5,3.862,concrete,pt,,,444,LYNX_CS160_S444
lynx_bb_cs160,precast_concrete,beam_block,lynx,metric,,0.16,0.15,0.15,,,1.61,2.5,4.956,concrete,pt,,,444,LYNX_CS160_S444
lynx_bb_cs160,precast_concrete,beam_block,lynx,metric,,0.16,0.15,0.15,,,1.61,1.5,6.3,concrete,pt,,,331,LYNX_CS160_S331
lynx_bb_cs160,precast_concrete,beam_block,lynx,metric,,0.16,0.15,0.15,,,1.61,2,5.96,concrete,pt,,,331,LYNX_CS160_S331
lynx_bb_cs160,precast_concrete,beam_block,lynx,metric,,0.16,0.15,0.15,,,1.61,3,5.57,concrete,pt,,,331,LYNX_CS160_S331
lynx_bb_cs160,precast_concrete,beam_block,lynx,metric,,0.16,0.15,0.15,,,1.61,4,5.247,concrete,pt,,,331,LYNX_CS160_S331
lynx_bb_cs160,precast_concrete,beam_block,lynx,metric,,0.16,0.15,0.15,,,1.61,5,4.974,concrete,pt,,,331,LYNX_CS160_S331
lynx_bb_cs160,precast_concrete,beam_block,lynx,metric,,0.16,0.15,0.15,,,1.61,7.5,4.44,concrete,pt,,,331,LYNX_CS160_S331
lynx_bb_cs160,precast_concrete,beam_block,lynx,metric,,0.16,0.15,0.15,,,1.61,2.5,5.423,concrete,pt,,,331,LYNX_CS160_S331
lynx_bb_cs225,precast_concrete,beam_block,lynx,metric,,0.14,0.225,0.225,,,1.61,1.5,6.542,concrete,pt,,,528,LYNX_CS225_S528
lynx_bb_cs225,precast_concrete,beam_block,lynx,metric,,0.14,0.225,0.225,,,1.61,2,6.047,concrete,pt,,,528,LYNX_CS225_S528
lynx_bb_cs225,precast_concrete,beam_block,lynx,metric,,0.14,0.225,0.225,,,1.61,3,5.649,concrete,pt,,,528,LYNX_CS225_S528
lynx_bb_cs225,precast_concrete,beam_block,lynx,metric,,0.14,0.225,0.225,,,1.61,4,5.319,concrete,pt,,,528,LYNX_CS225_S528
lynx_bb_cs225,precast_concrete,beam_block,lynx,metric,,0.14,0.225,0.225,,,1.61,5,4.817,concrete,pt,,,528,LYNX_CS225_S528
lynx_bb_cs225,precast_concrete,beam_block,lynx,metric,,0.14,0.225,0.225,,,1.61,7.5,3.78,concrete,pt,,,528,LYNX_CS225_S528
lynx_bb_cs225,precast_concrete,beam_block,lynx,metric,,0.14,0.225,0.225,,,1.61,2.5,5.924,concrete,pt,,,528,LYNX_CS225_S528
lynx_bb_cs225,precast_concrete,beam_block,lynx,metric,,0.14,0.225,0.225,,,1.61,1.5,7.233,concrete,pt,,,416,LYNX_CS225_S416
lynx_bb_cs225,precast_concrete,beam_block,lynx,metric,,0.14,0.225,0.225,,,1.61,2,6.707,concrete,pt,,,416,LYNX_CS225_S416
lynx_bb_cs225,precast_concrete,beam_block,lynx,metric,,0.14,0.225,0.225,,,1.61,3,6.28,concrete,pt,,,416,LYNX_CS225_S416
lynx_bb_cs225,precast_concrete,beam_block,lynx,metric,,0.14,0.225,0.225,,,1.61,4,5.924,concrete,pt,,,416,LYNX_CS225_S416
lynx_bb_cs225,precast_concrete,beam_block,lynx,metric,,0.14,0.225,0.225,,,1.61,5,5.622,concrete,pt,,,416,LYNX_CS225_S416
lynx_bb_cs225,precast_concrete,beam_block,lynx,metric,,0.14,0.225,0.225,,,1.61,7.5,4.74,concrete,pt,,,416,LYNX_CS225_S416
lynx_bb_cs225,precast_concrete,beam_block,lynx,metric,,0.14,0.225,0.225,,,1.61,2.5,6.575,concrete,pt,,,416,LYNX_CS225_S416
lynx_bb_cs225,precast_concrete,beam_block,lynx,metric,,0.14,0.225,0.225,,,1.61,1.5,8,concrete,pt,,,303,LYNX_CS225_S303
lynx_bb_cs225,precast_concrete,beam_block,lynx,metric,,0.14,0.225,0.225,,,1.61,2,7.637,concrete,pt,,,303,LYNX_CS225_S303
lynx_bb_cs225,precast_concrete,beam_block,lynx,metric,,0.14,0.225,0.225,,,1.61,3,7.177,concrete,pt,,,303,LYNX_CS225_S303
lynx_bb_cs225,precast_concrete,beam_block,lynx,metric,,0.14,0.225,0.225,,,1.61,4,6.791,concrete,pt,,,303,LYNX_CS225_S303
lynx_bb_cs225,precast_concrete,beam_block,lynx,metric,,0.14,0.225,0.225,,,1.61,5,6.46,concrete,pt,,,303,LYNX_CS225_S303
lynx_bb_cs225,precast_concrete,beam_block,lynx,metric,,0.14,0.225,0.225,,,1.61,7.5,5.805,concrete,pt,,,303,LYNX_CS225_S303
lynx_bb_cs225,precast_concrete,beam_block,lynx,metric,,0.14,0.225,0.225,,,1.61,2.5,7.276,concrete,pt,,,303,LYNX_CS225_S303
S350_normal_weight,composite,composite_deck,SMD,metric,,,0.13,,0.001,2.308,,3.5,3.125,concrete,,0.9,,,SMD_single_FR1.0_SD130_MA142_G0.9
S350_normal_weight,composite,composite_deck,SMD,metric,,,0.13,,0.0009,2.308,,5,3.125,concrete,,0.9,,,SMD_single_FR1.0_SD130_MA142_G0.9
S350_normal_weight,composite,composite_deck,SMD,metric,,,0.13,,0.0009,2.308,,7.5,2.796,concrete,,0.9,,,SMD_single_FR1.0_SD130_MA142_G0.9
S350_normal_weight,composite,composite_deck,SMD,metric,,,0.13,,0.0009,2.308,,10,2.519,concrete,,0.9,,,SMD_single_FR1.0_SD130_MA142_G0.9
S350_normal_weight,composite,composite_deck,SMD,metric,,,0.13,,0.001,2.779,,3.5,3.383,concrete,,1,,,SMD_single_FR1.0_SD130_MA142_G1.0
S350_normal_weight,composite,composite_deck,SMD,metric,,,0.13,,0.001,2.779,,5,3.383,concrete,,1,,,SMD_single_FR1.0_SD130_MA142_G1.0
S350_normal_weight,composite,composite_deck,SMD,metric,,,0.13,,0.001,2.779,,7.5,2.87,concrete,,1,,,SMD_single_FR1.0_SD130_MA142_G1.0
S350_normal_weight,composite,composite_deck,SMD,metric,,,0.13,,0.001,2.779,,10,2.585,concrete,,1,,,SMD_single_FR1.0_SD130_MA142_G1.0
S350_normal_weight,composite,composite_deck,SMD,metric,,,0.13,,0.0012,3.961,,3.5,3.746,concrete,,1.2,,,SMD_single_FR1.0_SD130_MA142_G1.2
S350_normal_weight,composite,composite_deck,SMD,metric,,,0.13,,0.0012,3.961,,5,3.746,concrete,,1.2,,,SMD_single_FR1.0_SD130_MA142_G1.2
S350_normal_weight,composite,composite_deck,SMD,metric,,,0.13,,0.0012,3.961,,7.5,3.011,concrete,,1.2,,,SMD_single_FR1.0_SD130_MA142_G1.2
S350_normal_weight,composite,composite_deck,SMD,metric,,,0.13,,0.0012,3.961,,10,2.711,concrete,,1.2,,,SMD_single_FR1.0_SD130_MA142_G1.2
S350_normal_weight,composite,composite_deck,SMD,metric,,,0.15,,0.0009,2.308,,3.5,3.006,concrete,,0.9,,,SMD_single_FR1.0_SD150_MA193_G0.9
S350_normal_weight,composite,composite_deck,SMD,metric,,,0.15,,0.0009,2.308,,5,3.006,concrete,,0.9,,,SMD_single_FR1.0_SD150_MA193_G0.9
S350_normal_weight,composite,composite_deck,SMD,metric,,,0.15,,0.0009,2.308,,7.5,3.006,concrete,,0.9,,,SMD_single_FR1.0_SD150_MA193_G0.9
S350_normal_weight,composite,composite_deck,SMD,metric,,,0.15,,0.0009,2.308,,10,2.843,concrete,,0.9,,,SMD_single_FR1.0_SD150_MA193_G0.9
S350_normal_weight,composite,composite_deck,SMD,metric,,,0.15,,0.001,2.779,,3.5,3.203,concrete,,1,,,SMD_single_FR1.0_SD150_MA193_G1.0
S350_normal_weight,composite,composite_deck,SMD,metric,,,0.15,,0.001,2.779,,5,3.203,concrete,,1,,,SMD_single_FR1.0_SD150_MA193_G1.0
S350_normal_weight,composite,composite_deck,SMD,metric,,,0.15,,0.001,2.779,,7.5,3.203,concrete,,1,,,SMD_single_FR1.0_SD150_MA193_G1.0
S350_normal_weight,composite,composite_deck,SMD,metric,,,0.15,,0.001,2.779,,10,2.914,concrete,,1,,,SMD_single_FR1.0_SD150_MA193_G1.0
S350_normal_weight,composite,composite_deck,SMD,metric,,,0.15,,0.0012,3.961,,3.5,3.562,concrete,,1.2,,,SMD_single_FR1.0_SD150_MA193_G1.2
S350_normal_weight,composite,composite_deck,SMD,metric,,,0.15,,0.0012,3.961,,5,3.562,concrete,,1.2,,,SMD_single_FR1.0_SD150_MA193_G1.2
S350_normal_weight,composite,composite_deck,SMD,metric,,,0.15,,0.0012,3.961,,7.5,3.562,concrete,,1.2,,,SMD_single_FR1.0_SD150_MA193_G1.2
S350_normal_weight,composite,composite_deck,SMD,metric,,,0.15,,0.0012,3.961,,10,3.046,concrete,,1.2,,,SMD_single_FR1.0_SD150_MA193_G1.2
S350_normal_weight,composite,composite_deck,SMD,metric,,,0.2,,0.0009,2.308,,3.5,2.688,concrete,,0.9,,,SMD_single_FR1.0_SD200_MA393_G0.9
S350_normal_weight,composite,composite_deck,SMD,metric,,,0.2,,0.0009,2.308,,5,2.688,concrete,,0.9,,,SMD_single_FR1.0_SD200_MA393_G0.9
S350_normal_weight,composite,composite_deck,SMD,metric,,,0.2,,0.0009,2.308,,7.5,2.688,concrete,,0.9,,,SMD_single_FR1.0_SD200_MA393_G0.9
S350_normal_weight,composite,composite_deck,SMD,metric,,,0.2,,0.0009,2.308,,10,2.688,concrete,,0.9,,,SMD_single_FR1.0_SD200_MA393_G0.9
S350_normal_weight,composite,composite_deck,SMD,metric,,,0.2,,0.001,2.779,,3.5,2.866,concrete,,1,,,SMD_single_FR1.0_SD200_MA393_G1.0
S350_normal_weight,composite,composite_deck,SMD,metric,,,0.2,,0.001,2.779,,5,2.866,concrete,,1,,,SMD_single_FR1.0_SD200_MA393_G1.0
S350_normal_weight,composite,composite_deck,SMD,metric,,,0.2,,0.001,2.779,,7.5,2.866,concrete,,1,,,SMD_single_FR1.0_SD200_MA393_G1.0
S350_normal_weight,composite,composite_deck,SMD,metric,,,0.2,,0.001,2.779,,10,2.866,concrete,,1,,,SMD_single_FR1.0_SD200_MA393_G1.0
S350_normal_weight,composite,composite_deck,SMD,metric,,,0.2,,0.0012,3.961,,3.5,3.219,concrete,,1.2,,,SMD_single_FR1.0_SD200_MA393_G1.2
S350_normal_weight,composite,composite_deck,SMD,metric,,,0.2,,0.0012,3.961,,5,3.219,concrete,,1.2,,,SMD_single_FR1.0_SD200_MA393_G1.2
S350_normal_weight,composite,composite_deck,SMD,metric,,,0.2,,0.0012,3.961,,7.5,3.219,concrete,,1.2,,,SMD_single_FR1.0_SD200_MA393_G1.2
S350_normal_weight,composite,composite_deck,SMD,metric,,,0.2,,0.0012,3.961,,10,3.219,concrete,,1.2,,,SMD_single_FR1.0_SD200_MA393_G1.2
S350_normal_weight,composite,composite_deck,SMD,metric,,,0.15,,0.0009,2.308,,3.5,3.006,concrete,,0.9,,,SMD_single_FR2.0_SD150_MA193_G0.9
S350_normal_weight,composite,composite_deck,SMD,metric,,,0.15,,0.0009,2.308,,5,3.006,concrete,,0.9,,,SMD_single_FR2.0_SD150_MA193_G0.9
S350_normal_weight,composite,composite_deck,SMD,metric,,,0.15,,0.0009,2.308,,7.5,2.366,concrete,,0.9,,,SMD_single_FR2.0_SD150_MA193_G0.9
S350_normal_weight,composite,composite_deck,SMD,metric,,,0.15,,0.0009,2.308,,10,2.145,concrete,,0.9,,,SMD_single_FR2.0_SD150_MA193_G0.9
S350_normal_weight,composite,composite_deck,SMD,metric,,,0.15,,0.001,2.779,,3.5,3.203,concrete,,1,,,SMD_single_FR2.0_SD150_MA193_G1.0
S350_normal_weight,composite,composite_deck,SMD,metric,,,0.15,,0.001,2.779,,5,3.203,concrete,,1,,,SMD_single_FR2.0_SD150_MA193_G1.0
S350_normal_weight,composite,composite_deck,SMD,metric,,,0.15,,0.001,2.779,,7.5,2.414,concrete,,1,,,SMD_single_FR2.0_SD150_MA193_G1.0
S350_normal_weight,composite,composite_deck,SMD,metric,,,0.15,,0.001,2.779,,10,2.188,concrete,,1,,,SMD_single_FR2.0_SD150_MA193_G1.0
S350_normal_weight,composite,composite_deck,SMD,metric,,,0.15,,0.0012,3.961,,3.5,3.562,concrete,,1.2,,,SMD_single_FR2.0_SD150_MA193_G1.2
S350_normal_weight,composite,composite_deck,SMD,metric,,,0.15,,0.0012,3.961,,5,3.562,concrete,,1.2,,,SMD_single_FR2.0_SD150_MA193_G1.2
S350_normal_weight,composite,composite_deck,SMD,metric,,,0.15,,0.0012,3.961,,7.5,2.503,concrete,,1.2,,,SMD_single_FR2.0_SD150_MA193_G1.2
S350_normal_weight,composite,composite_deck,SMD,metric,,,0.15,,0.0012,3.961,,10,2.269,concrete,,1.2,,,SMD_single_FR2.0_SD150_MA193_G1.2
S350_normal_weight,composite,composite_deck,SMD,metric,,,0.17,,0.0009,2.308,,3.5,2.883,concrete,,0.9,,,SMD_single_FR2.0_SD170_MA252_G0.9
S350_normal_weight,composite,composite_deck,SMD,metric,,,0.17,,0.0009,2.308,,5,2.883,concrete,,0.9,,,SMD_single_FR2.0_SD170_MA252_G0.9
S350_normal_weight,composite,composite_deck,SMD,metric,,,0.17,,0.0009,2.308,,7.5,2.649,concrete,,0.9,,,SMD_single_FR2.0_SD170_MA252_G0.9
S350_normal_weight,composite,composite_deck,SMD,metric,,,0.17,,0.0009,2.308,,10,2.41,concrete,,0.9,,,SMD_single_FR2.0_SD170_MA252_G0.9
S350_normal_weight,composite,composite_deck,SMD,metric,,,0.17,,0.001,2.779,,3.5,3.054,concrete,,1,,,SMD_single_FR2.0_SD170_MA252_G1.0
S350_normal_weight,composite,composite_deck,SMD,metric,,,0.17,,0.001,2.779,,5,3.054,concrete,,1,,,SMD_single_FR2.0_SD170_MA252_G1.0
S350_normal_weight,composite,composite_deck,SMD,metric,,,0.17,,0.001,2.779,,7.5,2.695,concrete,,1,,,SMD_single_FR2.0_SD170_MA252_G1.0
S350_normal_weight,composite,composite_deck,SMD,metric,,,0.17,,0.001,2.779,,10,2.453,concrete,,1,,,SMD_single_FR2.0_SD170_MA252_G1.0
S350_normal_weight,composite,composite_deck,SMD,metric,,,0.17,,0.0012,3.961,,3.5,3.407,concrete,,1.2,,,SMD_single_FR2.0_SD170_MA252_G1.2
S350_normal_weight,composite,composite_deck,SMD,metric,,,0.17,,0.0012,3.961,,5,3.407,concrete,,1.2,,,SMD_single_FR2.0_SD170_MA252_G1.2
S350_normal_weight,composite,composite_deck,SMD,metric,,,0.17,,0.0012,3.961,,7.5,2.788,concrete,,1.2,,,SMD_single_FR2.0_SD170_MA252_G1.2
S350_normal_weight,composite,composite_deck,SMD,metric,,,0.17,,0.0012,3.961,,10,2.531,concrete,,1.2,,,SMD_single_FR2.0_SD170_MA252_G1.2
S350_normal_weight,composite,composite_deck,SMD,metric,,,0.2,,0.0009,2.308,,3.5,2.688,concrete,,0.9,,,SMD_single_FR2.0_SD200_MA393_G0.9
S350_normal_weight,composite,composite_deck,SMD,metric,,,0.2,,0.0009,2.308,,5,2.688,concrete,,0.9,,,SMD_single_FR2.0_SD200_MA393_G0.9
S350_normal_weight,composite,composite_deck,SMD,metric,,,0.2,,0.0009,2.308,,7.5,2.688,concrete,,0.9,,,SMD_single_FR2.0_SD200_MA393_G0.9
S350_normal_weight,composite,composite_deck,SMD,metric,,,0.2,,0.0009,2.308,,10,2.688,concrete,,0.9,,,SMD_single_FR2.0_SD200_MA393_G0.9
S350_normal_weight,composite,composite_deck,SMD,metric,,,0.2,,0.001,2.779,,3.5,2.866,concrete,,1,,,SMD_single_FR2.0_SD200_MA393_G1.0
S350_normal_weight,composite,composite_deck,SMD,metric,,,0.2,,0.001,2.779,,5,2.866,concrete,,1,,,SMD_single_FR2.0_SD200_MA393_G1.0
S350_normal_weight,composite,composite_deck,SMD,metric,,,0.2,,0.001,2.779,,7.5,2.866,concrete,,1,,,SMD_single_FR2.0_SD200_MA393_G1.0
S350_normal_weight,composite,composite_deck,SMD,metric,,,0.2,,0.001,2.779,,10,2.866,concrete,,1,,,SMD_single_FR2.0_SD200_MA393_G1.0
S350_normal_weight,composite,composite_deck,SMD,metric,,,0.2,,0.0012,3.961,,3.5,3.219,concrete,,1.2,,,SMD_single_FR2.0_SD200_MA393_G1.2
S350_normal_weight,composite,composite_deck,SMD,metric,,,0.2,,0.0012,3.961,,5,3.219,concrete,,1.2,,,SMD_single_FR2.0_SD200_MA393_G1.2
S350_normal_weight,composite,composite_deck,SMD,metric,,,0.2,,0.0012,3.961,,7.5,3.219,concrete,,1.2,,,SMD_single_FR2.0_SD200_MA393_G1.2
S350_normal_weight,composite,composite_deck,SMD,metric,,,0.2,,0.0012,3.961,,10,3.219,concrete,,1.2,,,SMD_single_FR2.0_SD200_MA393_G1.2
S350_normal_weight,composite,composite_deck,SMD,metric,,,0.13,,0.0009,2.308,,3.5,3.455,concrete,,0.9,,,SMD_double_FR1.0_SD130_MA142_G0.9
S350_normal_weight,composite,composite_deck,SMD,metric,,,0.13,,0.0009,2.308,,5,3.455,concrete,,0.9,,,SMD_double_FR1.0_SD130_MA142_G0.9
S350_normal_weight,composite,composite_deck,SMD,metric,,,0.13,,0.0009,2.308,,7.5,2.796,concrete,,0.9,,,SMD_double_FR1.0_SD130_MA142_G0.9
S350_normal_weight,composite,composite_deck,SMD,metric,,,0.13,,0.0009,2.308,,10,2.519,concrete,,0.9,,,SMD_double_FR1.0_SD130_MA142_G0.9
S350_normal_weight,composite,composite_deck,SMD,metric,,,0.13,,0.001,2.779,,3.5,3.788,concrete,,1,,,SMD_double_FR1.0_SD130_MA142_G1.0
S350_normal_weight,composite,composite_deck,SMD,metric,,,0.13,,0.001,2.779,,5,3.788,concrete,,1,,,SMD_double_FR1.0_SD130_MA142_G1.0
S350_normal_weight,composite,composite_deck,SMD,metric,,,0.13,,0.001,2.779,,7.5,2.87,concrete,,1,,,SMD_double_FR1.0_SD130_MA142_G1.0
S350_normal_weight,composite,composite_deck,SMD,metric,,,0.13,,0.001,2.779,,10,2.585,concrete,,1,,,SMD_double_FR1.0_SD130_MA142_G1.0
S350_normal_weight,composite,composite_deck,SMD,metric,,,0.13,,0.0012,3.961,,3.5,4.238,concrete,,1.2,,,SMD_double_FR1.0_SD130_MA142_G1.2
S350_normal_weight,composite,composite_deck,SMD,metric,,,0.13,,0.0012,3.961,,5,4.238,concrete,,1.2,,,SMD_double_FR1.0_SD130_MA142_G1.2
S350_normal_weight,composite,composite_deck,SMD,metric,,,0.13,,0.0012,3.961,,7.5,3.011,concrete,,1.2,,,SMD_double_FR1.0_SD130_MA142_G1.2
S350_normal_weight,composite,composite_deck,SMD,metric,,,0.13,,0.0012,3.961,,10,2.711,concrete,,1.2,,,SMD_double_FR1.0_SD130_MA142_G1.2
S350_normal_weight,composite,composite_deck,SMD,metric,,,0.15,,0.0009,2.308,,3.5,3.23,concrete,,0.9,,,SMD_double_FR1.0_SD150_MA193_G0.9
S350_normal_weight,composite,composite_deck,SMD,metric,,,0.15,,0.0009,2.308,,5,3.23,concrete,,0.9,,,SMD_double_FR1.0_SD150_MA193_G0.9
S350_normal_weight,composite,composite_deck,SMD,metric,,,0.15,,0.0009,2.308,,7.5,3.141,concrete,,0.9,,,SMD_double_FR1.0_SD150_MA193_G0.9
S350_normal_weight,composite,composite_deck,SMD,metric,,,0.15,,0.0009,2.308,,10,2.843,concrete,,0.9,,,SMD_double_FR1.0_SD150_MA193_G0.9
S350_normal_weight,composite,composite_deck,SMD,metric,,,0.15,,0.001,2.779,,3.5,3.546,concrete,,1,,,SMD_double_FR1.0_SD150_MA193_G1.0
S350_normal_weight,composite,composite_deck,SMD,metric,,,0.15,,0.001,2.779,,5,3.546,concrete,,1,,,SMD_double_FR1.0_SD150_MA193_G1.0
S350_normal_weight,composite,composite_deck,SMD,metric,,,0.15,,0.001,2.779,,7.5,3.219,concrete,,1,,,SMD_double_FR1.0_SD150_MA193_G1.0
S350_normal_weight,composite,composite_deck,SMD,metric,,,0.15,,0.001,2.779,,10,2.914,concrete,,1,,,SMD_double_FR1.0_SD150_MA193_G1.0
S350_normal_weight,composite,composite_deck,SMD,metric,,,0.15,,0.0012,3.961,,3.5,3.996,concrete,,1.2,,,SMD_double_FR1.0_SD150_MA193_G1.2
S350_normal_weight,composite,composite_deck,SMD,metric,,,0.15,,0.0012,3.961,,5,3.996,concrete,,1.2,,,SMD_double_FR1.0_SD150_MA193_G1.2
S350_normal_weight,composite,composite_deck,SMD,metric,,,0.15,,0.0012,3.961,,7.5,3.366,concrete,,1.2,,,SMD_double_FR1.0_SD150_MA193_G1.2
S350_normal_weight,composite,composite_deck,SMD,metric,,,0.15,,0.0012,3.961,,10,3.046,concrete,,1.2,,,SMD_double_FR1.0_SD150_MA193_G1.2
S350_normal_weight,composite,composite_deck,SMD,metric,,,0.2,,0.0009,2.308,,3.5,2.804,concrete,,0.9,,,SMD_double_FR1.0_SD200_MA393_G0.9
S350_normal_weight,composite,composite_deck,SMD,metric,,,0.2,,0.0009,2.308,,5,2.804,concrete,,0.9,,,SMD_double_FR1.0_SD200_MA393_G0.9
S350_normal_weight,composite,composite_deck,SMD,metric,,,0.2,,0.0009,2.308,,7.5,2.804,concrete,,0.9,,,SMD_double_FR1.0_SD200_MA393_G0.9
S350_normal_weight,composite,composite_deck,SMD,metric,,,0.2,,0.0009,2.308,,10,2.804,concrete,,0.9,,,SMD_double_FR1.0_SD200_MA393_G0.9
S350_normal_weight,composite,composite_deck,SMD,metric,,,0.2,,0.001,2.779,,3.5,3.085,concrete,,1,,,SMD_double_FR1.0_SD200_MA393_G1.0
S350_normal_weight,composite,composite_deck,SMD,metric,,,0.2,,0.001,2.779,,5,3.085,concrete,,1,,,SMD_double_FR1.0_SD200_MA393_G1.0
S350_normal_weight,composite,composite_deck,SMD,metric,,,0.2,,0.001,2.779,,7.5,3.085,concrete,,1,,,SMD_double_FR1.0_SD200_MA393_G1.0
S350_normal_weight,composite,composite_deck,SMD,metric,,,0.2,,0.001,2.779,,10,3.085,concrete,,1,,,SMD_double_FR1.0_SD200_MA393_G1.0
S350_normal_weight,composite,composite_deck,SMD,metric,,,0.2,,0.0012,3.961,,3.5,3.602,concrete,,1.2,,,SMD_double_FR1.0_SD200_MA393_G1.2
S350_normal_weight,composite,composite_deck,SMD,metric,,,0.2,,0.0012,3.961,,5,3.602,concrete,,1.2,,,SMD_double_FR1.0_SD200_MA393_G1.2
S350_normal_weight,composite,composite_deck,SMD,metric,,,0.2,,0.0012,3.961,,7.5,3.602,concrete,,1.2,,,SMD_double_FR1.0_SD200_MA393_G1.2
S350_normal_weight,composite,composite_deck,SMD,metric,,,0.2,,0.0012,3.961,,10,3.602,concrete,,1.2,,,SMD_double_FR1.0_SD200_MA393_G1.2
bison_sp_100_solid_plank,precast_concrete,hollowcore,bison,metric,,,0.1,,,2.4,2.1,0.75,5.15,concrete,pt,,,,100 SOLID PLANK
bison_sp_100_solid_plank,precast_concrete,hollowcore,bison,metric,,,0.1,,,2.4,2.1,1.5,5,concrete,pt,,,,100 SOLID PLANK
bison_sp_100_solid_plank,precast_concrete,hollowcore,bison,metric,,,0.1,,,2.4,2.1,2,4.8,concrete,pt,,,,100 SOLID PLANK
bison_sp_100_solid_plank,precast_concrete,hollowcore,bison,metric,,,0.1,,,2.4,2.1,2.5,4.6,concrete,pt,,,,100 SOLID PLANK
bison_sp_100_solid_plank,precast_concrete,hollowcore,bison,metric,,,0.1,,,2.4,2.1,3,4.45,concrete,pt,,,,100 SOLID PLANK
bison_sp_100_solid_plank,precast_concrete,hollowcore,bison,metric,,,0.1,,,2.4,2.1,4,4.15,concrete,pt,,,,100 SOLID PLANK
bison_sp_100_solid_plank,precast_concrete,hollowcore,bison,metric,,,0.1,,,2.4,2.1,5,3.95,concrete,pt,,,,100 SOLID PLANK
bison_sp_100_solid_plank,precast_concrete,hollowcore,bison,metric,,,0.1,,,2.4,2.1,5,3.8,concrete,pt,,,,100 SOLID PLANK
bison_sp_100_solid_plank,precast_concrete,hollowcore,bison,metric,,,0.1,,,2.4,2.1,10,3.1,concrete,pt,,,,100 SOLID PLANK
bison_sp_100_solid_plank,precast_concrete,hollowcore,bison,metric,,,0.1,,,2.4,2.1,15,2.7,concrete,pt,,,,100 SOLID PLANK
bison_sp_150,precast_concrete,hollowcore,bison,metric,,,0.15,,,2.4,2.1,0.75,7.45,concrete,pt,,,,150
bison_sp_150,precast_concrete,hollowcore,bison,metric,,,0.15,,,2.4,2.1,1.5,7.45,concrete,pt,,,,150
bison_sp_150,precast_concrete,hollowcore,bison,metric,,,0.15,,,2.4,2.1,2,7.4,concrete,pt,,,,150
bison_sp_150,precast_concrete,hollowcore,bison,metric,,,0.15,,,2.4,2.1,2.5,7.4,concrete,pt,,,,150
bison_sp_150,precast_concrete,hollowcore,bison,metric,,,0.15,,,2.4,2.1,3,6.9,concrete,pt,,,,150
bison_sp_150,precast_concrete,hollowcore,bison,metric,,,0.15,,,2.4,2.1,4,6.55,concrete,pt,,,,150
bison_sp_150,precast_concrete,hollowcore,bison,metric,,,0.15,,,2.4,2.1,5,6.25,concrete,pt,,,,150
bison_sp_150,precast_concrete,hollowcore,bison,metric,,,0.15,,,2.4,2.1,5,5.75,concrete,pt,,,,150
bison_sp_150,precast_concrete,hollowcore,bison,metric,,,0.15,,,2.4,2.1,10,4.55,concrete,pt,,,,150
bison_sp_150,precast_concrete,hollowcore,bison,metric,,,0.15,,,2.4,2.1,15,3.95,concrete,pt,,,,150
bison_sp_150_sound_slab,precast_concrete,hollowcore,bison,metric,,,0.15,,,3.1,2.1,0.75,7.35,concrete,pt,,,,150 SOUND SLAB
bison_sp_150_sound_slab,precast_concrete,hollowcore,bison,metric,,,0.15,,,3.1,2.1,1.5,7.3,concrete,pt,,,,150 SOUND SLAB
bison_sp_150_sound_slab,precast_concrete,hollowcore,bison,metric,,,0.15,,,3.1,2.1,2,7.3,concrete,pt,,,,150 SOUND SLAB
bison_sp_150_sound_slab,precast_concrete,hollowcore,bison,metric,,,0.15,,,3.1,2.1,2.5,7.05,concrete,pt,,,,150 SOUND SLAB
bison_sp_150_sound_slab,precast_concrete,hollowcore,bison,metric,,,0.15,,,3.1,2.1,3,6.8,concrete,pt,,,,150 SOUND SLAB
bison_sp_150_sound_slab,precast_concrete,hollowcore,bison,metric,,,0.15,,,3.1,2.1,4,6.4,concrete,pt,,,,150 SOUND SLAB
bison_sp_150_sound_slab,precast_concrete,hollowcore,bison,metric,,,0.15,,,3.1,2.1,5,6.05,concrete,pt,,,,150 SOUND SLAB
bison_sp_150_sound_slab,precast_concrete,hollowcore,bison,metric,,,0.15,,,3.1,2.1,5,5.85,concrete,pt,,,,150 SOUND SLAB
bison_sp_150_sound_slab,precast_concrete,hollowcore,bison,metric,,,0.15,,,3.1,2.1,10,4.65,concrete,pt,,,,150 SOUND SLAB
bison_sp_150_sound_slab,precast_concrete,hollowcore,bison,metric,,,0.15,,,3.1,2.1,15,4.05,concrete,pt,,,,150 SOUND SLAB
bison_sp_200,precast_concrete,hollowcore,bison,metric,,,0.2,,,3.1,2.1,0.75,8.9,concrete,pt,,,,200
bison_sp_200,precast_concrete,hollowcore,bison,metric,,,0.2,,,3.1,2.1,1.5,8.85,concrete,pt,,,,200
bison_sp_200,precast_concrete,hollowcore,bison,metric,,,0.2,,,3.1,2.1,2,8.85,concrete,pt,,,,200
bison_sp_200,precast_concrete,hollowcore,bison,metric,,,0.2,,,3.1,2.1,2.5,8.85,concrete,pt,,,,200
bison_sp_200,precast_concrete,hollowcore,bison,metric,,,0.2,,,3.1,2.1,3,8.75,concrete,pt,,,,200
bison_sp_200,precast_concrete,hollowcore,bison,metric,,,0.2,,,3.1,2.1,4,8.25,concrete,pt,,,,200
bison_sp_200,precast_concrete,hollowcore,bison,metric,,,0.2,,,3.1,2.1,5,7.8,concrete,pt,,,,200
bison_sp_200,precast_concrete,hollowcore,bison,metric,,,0.2,,,3.1,2.1,5,7.55,concrete,pt,,,,200
bison_sp_200,precast_concrete,hollowcore,bison,metric,,,0.2,,,3.1,2.1,10,6,concrete,pt,,,,200
bison_sp_200,precast_concrete,hollowcore,bison,metric,,,0.2,,,3.1,2.1,15,5.25,concrete,pt,,,,200
bison_sp_250,precast_concrete,hollowcore,bison,metric,,,0.25,,,3.3,2.1,0.75,10.1,concrete,pt,,,,250
bison_sp_250,precast_concrete,hollowcore,bison,metric,,,0.25,,,3.3,2.1,1.5,10.05,concrete,pt,,,,250
bison_sp_250,precast_concrete,hollowcore,bison,metric,,,0.25,,,3.3,2.1,2,10.05,concrete,pt,,,,250
bison_sp_250,precast_concrete,hollowcore,bison,metric,,,0.25,,,3.3,2.1,2.5,10,concrete,pt,,,,250
bison_sp_250,precast_concrete,hollowcore,bison,metric,,,0.25,,,3.3,2.1,3,9.8,concrete,pt,,,,250
bison_sp_250,precast_concrete,hollowcore,bison,metric,,,0.25,,,3.3,2.1,4,9.2,concrete,pt,,,,250
bison_sp_250,precast_concrete,hollowcore,bison,metric,,,0.25,,,3.3,2.1,5,8.7,concrete,pt,,,,250
bison_sp_250,precast_concrete,hollowcore,bison,metric,,,0.25,,,3.3,2.1,5,8.55,concrete,pt,,,,250
bison_sp_250,precast_concrete,hollowcore,bison,metric,,,0.25,,,3.3,2.1,10,6.95,concrete,pt,,,,250
bison_sp_250,precast_concrete,hollowcore,bison,metric,,,0.25,,,3.3,2.1,15,6,concrete,pt,,,,250
bison_sp_260,precast_concrete,hollowcore,bison,metric,,,0.26,,,3.55,2.1,0.75,10.35,concrete,pt,,,,260
bison_sp_260,precast_concrete,hollowcore,bison,metric,,,0.26,,,3.55,2.1,1.5,10.35,concrete,pt,,,,260
bison_sp_260,precast_concrete,hollowcore,bison,metric,,,0.26,,,3.55,2.1,2,10.3,concrete,pt,,,,260
bison_sp_260,precast_concrete,hollowcore,bison,metric,,,0.26,,,3.55,2.1,2.5,10.3,concrete,pt,,,,260
bison_sp_260,precast_concrete,hollowcore,bison,metric,,,0.26,,,3.55,2.1,3,10.3,concrete,pt,,,,260
bison_sp_260,precast_concrete,hollowcore,bison,metric,,,0.26,,,3.55,2.1,4,10.25,concrete,pt,,,,260
bison_sp_260,precast_concrete,hollowcore,bison,metric,,,0.26,,,3.55,2.1,5,9.95,concrete,pt,,,,260
bison_sp_260,precast_concrete,hollowcore,bison,metric,,,0.26,,,3.55,2.1,5,9.5,concrete,pt,,,,260
bison_sp_260,precast_concrete,hollowcore,bison,metric,,,0.26,,,3.55,2.1,10,7.6,concrete,pt,,,,260
bison_sp_260,precast_concrete,hollowcore,bison,metric,,,0.26,,,3.55,2.1,15,6.65,concrete,pt,,,,260
bison_sp_150,precast_concrete,hollowcore,bison,metric,,,0.15,,,2.47,2.1,1.5,7.4,concrete,pt,,,,150
bison_sp_150,precast_concrete,hollowcore,bison,metric,,,0.15,,,2.47,2.1,2,7.35,concrete,pt,,,,150
bison_sp_150,precast_concrete,hollowcore,bison,metric,,,0.15,,,2.47,2.1,2.5,7.35,concrete,pt,,,,150
bison_sp_150,precast_concrete,hollowcore,bison,metric,,,0.15,,,2.47,2.1,3,7,concrete,pt,,,,150
bison_sp_150,precast_concrete,hollowcore,bison,metric,,,0.15,,,2.47,2.1,4,6.65,concrete,pt,,,,150
bison_sp_150,precast_concrete,hollowcore,bison,metric,,,0.15,,,2.47,2.1,5,6.35,concrete,pt,,,,150
bison_sp_150,precast_concrete,hollowcore,bison,metric,,,0.15,,,2.47,2.1,5,5.75,concrete,pt,,,,150
bison_sp_150,precast_concrete,hollowcore,bison,metric,,,0.15,,,2.47,2.1,7.5,5,concrete,pt,,,,150
bison_sp_150_sound_slab,precast_concrete,hollowcore,bison,metric,,,0.15,,,3.02,2.1,1.5,7.35,concrete,pt,,,,150 (sound slab)
bison_sp_150_sound_slab,precast_concrete,hollowcore,bison,metric,,,0.15,,,3.02,2.1,2,7.35,concrete,pt,,,,150 (sound slab)
bison_sp_150_sound_slab,precast_concrete,hollowcore,bison,metric,,,0.15,,,3.02,2.1,2.5,7.35,concrete,pt,,,,150 (sound slab)
bison_sp_150_sound_slab,precast_concrete,hollowcore,bison,metric,,,0.15,,,3.02,2.1,3,7,concrete,pt,,,,150 (sound slab)
bison_sp_150_sound_slab,precast_concrete,hollowcore,bison,metric,,,0.15,,,3.02,2.1,4,6.7,concrete,pt,,,,150 (sound slab)
bison_sp_150_sound_slab,precast_concrete,hollowcore,bison,metric,,,0.15,,,3.02,2.1,5,6.35,concrete,pt,,,,150 (sound slab)
bison_sp_150_sound_slab,precast_concrete,hollowcore,bison,metric,,,0.15,,,3.02,2.1,5,5.95,concrete,pt,,,,150 (sound slab)
bison_sp_150_sound_slab,precast_concrete,hollowcore,bison,metric,,,0.15,,,3.02,2.1,7.5,5.2,concrete,pt,,,,150 (sound slab)
bison_sp_200,precast_concrete,hollowcore,bison,metric,,,0.2,,,3.1,2.1,1.5,8.85,concrete,pt,,,,200
bison_sp_200,precast_concrete,hollowcore,bison,metric,,,0.2,,,3.1,2.1,2,8.85,concrete,pt,,,,200
bison_sp_200,precast_concrete,hollowcore,bison,metric,,,0.2,,,3.1,2.1,2.5,8.8,concrete,pt,,,,200
bison_sp_200,precast_concrete,hollowcore,bison,metric,,,0.2,,,3.1,2.1,3,8.8,concrete,pt,,,,200
bison_sp_200,precast_concrete,hollowcore,bison,metric,,,0.2,,,3.1,2.1,4,8.65,concrete,pt,,,,200
bison_sp_200,precast_concrete,hollowcore,bison,metric,,,0.2,,,3.1,2.1,5,8.3,concrete,pt,,,,200
bison_sp_200,precast_concrete,hollowcore,bison,metric,,,0.2,,,3.1,2.1,5,7.7,concrete,pt,,,,200
bison_sp_200,precast_concrete,hollowcore,bison,metric,,,0.2,,,3.1,2.1,7.5,6.7,concrete,pt,,,,200
bison_sp_250,precast_concrete,hollowcore,bison,metric,,,0.25,,,3.47,2.1,1.5,9.75,concrete,pt,,,,250
bison_sp_250,precast_concrete,hollowcore,bison,metric,,,0.25,,,3.47,2.1,2,9.75,concrete,pt,,,,250
bison_sp_250,precast_concrete,hollowcore,bison,metric,,,0.25,,,3.47,2.1,2.5,9.75,concrete,pt,,,,250
bison_sp_250,precast_concrete,hollowcore,bison,metric,,,0.25,,,3.47,2.1,3,9.75,concrete,pt,,,,250
bison_sp_250,precast_concrete,hollowcore,bison,metric,,,0.25,,,3.47,2.1,4,9.6,concrete,pt,,,,250
bison_sp_250,precast_concrete,hollowcore,bison,metric,,,0.25,,,3.47,2.1,5,9.1,concrete,pt,,,,250
bison_sp_250,precast_concrete,hollowcore,bison,metric,,,0.25,,,3.47,2.1,5,8.9,concrete,pt,,,,250
bison_sp_250,precast_concrete,hollowcore,bison,metric,,,0.25,,,3.47,2.1,7.5,7.95,concrete,pt,,,,250
lynx_hc_L100,precast_concrete,hollowcore,lynx,metric,,,0.1,,,2.45,2.1,0.75,4.9,concrete,pt,,,,L100
lynx_hc_L100,precast_concrete,hollowcore,lynx,metric,,,0.1,,,2.45,2.1,1.5,4.9,concrete,pt,,,,L100
lynx_hc_L100,precast_concrete,hollowcore,lynx,metric,,,0.1,,,2.45,2.1,2,4.9,concrete,pt,,,,L100
lynx_hc_L100,precast_concrete,hollowcore,lynx,metric,,,0.1,,,2.45,2.1,2.5,4.75,concrete,pt,,,,L100
lynx_hc_L100,precast_concrete,hollowcore,lynx,metric,,,0.1,,,2.45,2.1,3,4.2,concrete,pt,,,,L100
lynx_hc_L100,precast_concrete,hollowcore,lynx,metric,,,0.1,,,2.45,2.1,4,3.95,concrete,pt,,,,L100
lynx_hc_L100,precast_concrete,hollowcore,lynx,metric,,,0.1,,,2.45,2.1,5,3.75,concrete,pt,,,,L100
lynx_hc_L100,precast_concrete,hollowcore,lynx,metric,,,0.1,,,2.45,2.1,5,3.5,concrete,pt,,,,L100
lynx_hc_L100,precast_concrete,hollowcore,lynx,metric,,,0.1,,,2.45,2.1,7.5,3.15,concrete,pt,,,,L100
lynx_hc_L100,precast_concrete,hollowcore,lynx,metric,,,0.1,,,2.45,2.1,10,2.9,concrete,pt,,,,L100
lynx_hc_L100,precast_concrete,hollowcore,lynx,metric,,,0.1,,,2.45,2.1,15,2.55,concrete,pt,,,,L100
lynx_hc_L150,precast_concrete,hollowcore,lynx,metric,,,0.15,,,2.56,2.1,0.75,7.4,concrete,pt,,,,L150
lynx_hc_L150,precast_concrete,hollowcore,lynx,metric,,,0.15,,,2.56,2.1,1.5,7.4,concrete,pt,,,,L150
lynx_hc_L150,precast_concrete,hollowcore,lynx,metric,,,0.15,,,2.56,2.1,2,7.4,concrete,pt,,,,L150
lynx_hc_L150,precast_concrete,hollowcore,lynx,metric,,,0.15,,,2.56,2.1,2.5,7.4,concrete,pt,,,,L150
lynx_hc_L150,precast_concrete,hollowcore,lynx,metric,,,0.15,,,2.56,2.1,3,6.55,concrete,pt,,,,L150
lynx_hc_L150,precast_concrete,hollowcore,lynx,metric,,,0.15,,,2.56,2.1,4,6.15,concrete,pt,,,,L150
lynx_hc_L150,precast_concrete,hollowcore,lynx,metric,,,0.15,,,2.56,2.1,5,5.85,concrete,pt,,,,L150
lynx_hc_L150,precast_concrete,hollowcore,lynx,metric,,,0.15,,,2.56,2.1,5,5.45,concrete,pt,,,,L150
lynx_hc_L150,precast_concrete,hollowcore,lynx,metric,,,0.15,,,2.56,2.1,7.5,4.85,concrete,pt,,,,L150
lynx_hc_L150,precast_concrete,hollowcore,lynx,metric,,,0.15,,,2.56,2.1,10,4.45,concrete,pt,,,,L150
lynx_hc_L150,precast_concrete,hollowcore,lynx,metric,,,0.15,,,2.56,2.1,15,3.9,concrete,pt,,,,L150
lynx_hc_L150E,precast_concrete,hollowcore,lynx,metric,,,0.15,,,3.05,2.1,0.75,7.4,concrete,pt,,,,L150E
lynx_hc_L150E,precast_concrete,hollowcore,lynx,metric,,,0.15,,,3.05,2.1,1.5,7.4,concrete,pt,,,,L150E
lynx_hc_L150E,precast_concrete,hollowcore,lynx,metric,,,0.15,,,3.05,2.1,2,7.4,concrete,pt,,,,L150E
lynx_hc_L150E,precast_concrete,hollowcore,lynx,metric,,,0.15,,,3.05,2.1,2.5,7.4,concrete,pt,,,,L150E
lynx_hc_L150E,precast_concrete,hollowcore,lynx,metric,,,0.15,,,3.05,2.1,3,6.6,concrete,pt,,,,L150E
lynx_hc_L150E,precast_concrete,hollowcore,lynx,metric,,,0.15,,,3.05,2.1,4,6.2,concrete,pt,,,,L150E
lynx_hc_L150E,precast_concrete,hollowcore,lynx,metric,,,0.15,,,3.05,2.1,5,5.9,concrete,pt,,,,L150E
lynx_hc_L150E,precast_concrete,hollowcore,lynx,metric,,,0.15,,,3.05,2.1,5,5.5,concrete,pt,,,,L150E
lynx_hc_L150E,precast_concrete,hollowcore,lynx,metric,,,0.15,,,3.05,2.1,7.5,4.95,concrete,pt,,,,L150E
lynx_hc_L150E,precast_concrete,hollowcore,lynx,metric,,,0.15,,,3.05,2.1,10,4.55,concrete,pt,,,,L150E
lynx_hc_L150E,precast_concrete,hollowcore,lynx,metric,,,0.15,,,3.05,2.1,15,4,concrete,pt,,,,L150E
lynx_hc_L200,precast_concrete,hollowcore,lynx,metric,,,0.2,,,3.04,2.1,0.75,9.9,concrete,pt,,,,L200
lynx_hc_L200,precast_concrete,hollowcore,lynx,metric,,,0.2,,,3.04,2.1,1.5,9.9,concrete,pt,,,,L200
lynx_hc_L200,precast_concrete,hollowcore,lynx,metric,,,0.2,,,3.04,2.1,2,9.9,concrete,pt,,,,L200
lynx_hc_L200,precast_concrete,hollowcore,lynx,metric,,,0.2,,,3.04,2.1,2.5,9.7,concrete,pt,,,,L200
lynx_hc_L200,precast_concrete,hollowcore,lynx,metric,,,0.2,,,3.04,2.1,3,8.55,concrete,pt,,,,L200
lynx_hc_L200,precast_concrete,hollowcore,lynx,metric,,,0.2,,,3.04,2.1,4,8.05,concrete,pt,,,,L200
lynx_hc_L200,precast_concrete,hollowcore,lynx,metric,,,0.2,,,3.04,2.1,5,7.65,concrete,pt,,,,L200
lynx_hc_L200,precast_concrete,hollowcore,lynx,metric,,,0.2,,,3.04,2.1,5,7.15,concrete,pt,,,,L200
lynx_hc_L200,precast_concrete,hollowcore,lynx,metric,,,0.2,,,3.04,2.1,7.5,6.4,concrete,pt,,,,L200
lynx_hc_L200,precast_concrete,hollowcore,lynx,metric,,,0.2,,,3.04,2.1,10,5.9,concrete,pt,,,,L200
lynx_hc_L200,precast_concrete,hollowcore,lynx,metric,,,0.2,,,3.04,2.1,15,5.2,concrete,pt,,,,L200
lynx_hc_L250,precast_concrete,hollowcore,lynx,metric,,,0.25,,,3.56,2.1,0.75,12.4,concrete,pt,,,,L250
lynx_hc_L250,precast_concrete,hollowcore,lynx,metric,,,0.25,,,3.56,2.1,1.5,12.05,concrete,pt,,,,L250
lynx_hc_L250,precast_concrete,hollowcore,lynx,metric,,,0.25,,,3.56,2.1,2,11.6,concrete,pt,,,,L250
lynx_hc_L250,precast_concrete,hollowcore,lynx,metric,,,0.25,,,3.56,2.1,2.5,11.2,concrete,pt,,,,L250
lynx_hc_L250,precast_concrete,hollowcore,lynx,metric,,,0.25,,,3.56,2.1,3,10.3,concrete,pt,,,,L250
lynx_hc_L250,precast_concrete,hollowcore,lynx,metric,,,0.25,,,3.56,2.1,4,9.75,concrete,pt,,,,L250
lynx_hc_L250,precast_concrete,hollowcore,lynx,metric,,,0.25,,,3.56,2.1,5,9.3,concrete,pt,,,,L250
lynx_hc_L250,precast_concrete,hollowcore,lynx,metric,,,0.25,,,3.56,2.1,5,8.7,concrete,pt,,,,L250
lynx_hc_L250,precast_concrete,hollowcore,lynx,metric,,,0.25,,,3.56,2.1,7.5,7.8,concrete,pt,,,,L250
lynx_hc_L250,precast_concrete,hollowcore,lynx,metric,,,0.25,,,3.56,2.1,10,7.2,concrete,pt,,,,L250
lynx_hc_L250,precast_concrete,hollowcore,lynx,metric,,,0.25,,,3.56,2.1,15,6.35,concrete,pt,,,,L250
lynx_hc_L300,precast_concrete,hollowcore,lynx,metric,,,0.3,,,4.04,2.1,0.75,14,concrete,pt,,,,L300
lynx_hc_L300,precast_concrete,hollowcore,lynx,metric,,,0.3,,,4.04,2.1,1.5,13.2,concrete,pt,,,,L300
lynx_hc_L300,precast_concrete,hollowcore,lynx,metric,,,0.3,,,4.04,2.1,2,12.75,concrete,pt,,,,L300
lynx_hc_L300,precast_concrete,hollowcore,lynx,metric,,,0.3,,,4.04,2.1,2.5,12.35,concrete,pt,,,,L300
lynx_hc_L300,precast_concrete,hollowcore,lynx,metric,,,0.3,,,4.04,2.1,3,11.9,concrete,pt,,,,L300
lynx_hc_L300,precast_concrete,hollowcore,lynx,metric,,,0.3,,,4.04,2.1,4,11.3,concrete,pt,,,,L300
lynx_hc_L300,precast_concrete,hollowcore,lynx,metric,,,0.3,,,4.04,2.1,5,10.75,concrete,pt,,,,L300
lynx_hc_L300,precast_concrete,hollowcore,lynx,metric,,,0.3,,,4.04,2.1,5,10.1,concrete,pt,,,,L300
lynx_hc_L300,precast_concrete,hollowcore,lynx,metric,,,0.3,,,4.04,2.1,7.5,9.1,concrete,pt,,,,L300
lynx_hc_L300,precast_concrete,hollowcore,lynx,metric,,,0.3,,,4.04,2.1,10,8.4,concrete,pt,,,,L300
lynx_hc_L300,precast_concrete,hollowcore,lynx,metric,,,0.3,,,4.04,2.1,15,7.4,concrete,pt,,,,L300
lynx_hc_l100_t50,precast_concrete,hollowcore,lynx,metric,,1.198,0.1,0.05,,3.6,2.1,0.75,,concrete,pt,,,,L100 + 50mm topping
lynx_hc_l100_t50,precast_concrete,hollowcore,lynx,metric,,1.198,0.1,0.05,,3.6,2.1,1.5,,concrete,pt,,,,L100 + 50mm topping
lynx_hc_l100_t50,precast_concrete,hollowcore,lynx,metric,,1.198,0.1,0.05,,3.6,2.1,2,,concrete,pt,,,,L100 + 50mm topping
lynx_hc_l100_t50,precast_concrete,hollowcore,lynx,metric,,1.198,0.1,0.05,,3.6,2.1,2.5,,concrete,pt,,,,L100 + 50mm topping
lynx_hc_l100_t50,precast_concrete,hollowcore,lynx,metric,,1.198,0.1,0.05,,3.6,2.1,3,,concrete,pt,,,,L100 + 50mm topping
lynx_hc_l100_t50,precast_concrete,hollowcore,lynx,metric,,1.198,0.1,0.05,,3.6,2.1,4,,concrete,pt,,,,L100 + 50mm topping
lynx_hc_l100_t50,precast_concrete,hollowcore,lynx,metric,,1.198,0.1,0.05,,3.6,2.1,5,,concrete,pt,,,,L100 + 50mm topping
lynx_hc_l100_t50,precast_concrete,hollowcore,lynx,metric,,1.198,0.1,0.05,,3.6,2.1,5,,concrete,pt,,,,L100 + 50mm topping
lynx_hc_l100_t50,precast_concrete,hollowcore,lynx,metric,,1.198,0.1,0.05,,3.6,2.1,7.5,,concrete,pt,,,,L100 + 50mm topping
lynx_hc_l100_t50,precast_concrete,hollowcore,lynx,metric,,1.198,0.1,0.05,,3.6,2.1,10,,concrete,pt,,,,L100 + 50mm topping
lynx_hc_l100_t50,precast_concrete,hollowcore,lynx,metric,,1.198,0.1,0.05,,3.6,2.1,15,,concrete,pt,,,,L100 + 50mm topping
lynx_hc_l100_t75,precast_concrete,hollowcore,lynx,metric,,1.198,0.1,0.075,,4.2,2.1,0.75,,concrete,pt,,,,L100 + 75mm topping
lynx_hc_l100_t75,precast_concrete,hollowcore,lynx,metric,,1.198,0.1,0.075,,4.2,2.1,1.5,,concrete,pt,,,,L100 + 75mm topping
lynx_hc_l100_t75,precast_concrete,hollowcore,lynx,metric,,1.198,0.1,0.075,,4.2,2.1,2,,concrete,pt,,,,L100 + 75mm topping
lynx_hc_l100_t75,precast_concrete,hollowcore,lynx,metric,,1.198,0.1,0.075,,4.2,2.1,2.5,,concrete,pt,,,,L100 + 75mm topping
lynx_hc_l100_t75,precast_concrete,hollowcore,lynx,metric,,1.198,0.1,0.075,,4.2,2.1,3,,concrete,pt,,,,L100 + 75mm topping
lynx_hc_l100_t75,precast_concrete,hollowcore,lynx,metric,,1.198,0.1,0.075,,4.2,2.1,4,,concrete,pt,,,,L100 + 75mm topping
lynx_hc_l100_t75,precast_concrete,hollowcore,lynx,metric,,1.198,0.1,0.075,,4.2,2.1,5,,concrete,pt,,,,L100 + 75mm topping
lynx_hc_l100_t75,precast_concrete,hollowcore,lynx,metric,,1.198,0.1,0.075,,4.2,2.1,5,,concrete,pt,,,,L100 + 75mm topping
lynx_hc_l100_t75,precast_concrete,hollowcore,lynx,metric,,1.198,0.1,0.075,,4.2,2.1,7.5,,concrete,pt,,,,L100 + 75mm topping
lynx_hc_l100_t75,precast_concrete,hollowcore,lynx,metric,,1.198,0.1,0.075,,4.2,2.1,10,,concrete,pt,,,,L100 + 75mm topping
lynx_hc_l100_t75,precast_concrete,hollowcore,lynx,metric,,1.198,0.1,0.075,,4.2,2.1,15,,concrete,pt,,,,L100 + 75mm topping
lynx_hc_l100_t100,precast_concrete,hollowcore,lynx,metric,,1.198,0.1,0.1,,4.8,2.1,0.75,,concrete,pt,,,,L100 + 100mm topping
lynx_hc_l100_t100,precast_concrete,hollowcore,lynx,metric,,1.198,0.1,0.1,,4.8,2.1,1.5,,concrete,pt,,,,L100 + 100mm topping
lynx_hc_l100_t100,precast_concrete,hollowcore,lynx,metric,,1.198,0.1,0.1,,4.8,2.1,2,,concrete,pt,,,,L100 + 100mm topping
lynx_hc_l100_t100,precast_concrete,hollowcore,lynx,metric,,1.198,0.1,0.1,,4.8,2.1,2.5,,concrete,pt,,,,L100 + 100mm topping
lynx_hc_l100_t100,precast_concrete,hollowcore,lynx,metric,,1.198,0.1,0.1,,4.8,2.1,3,,concrete,pt,,,,L100 + 100mm topping
lynx_hc_l100_t100,precast_concrete,hollowcore,lynx,metric,,1.198,0.1,0.1,,4.8,2.1,4,,concrete,pt,,,,L100 + 100mm topping
lynx_hc_l100_t100,precast_concrete,hollowcore,lynx,metric,,1.198,0.1,0.1,,4.8,2.1,5,,concrete,pt,,,,L100 + 100mm topping
lynx_hc_l100_t100,precast_concrete,hollowcore,lynx,metric,,1.198,0.1,0.1,,4.8,2.1,5,,concrete,pt,,,,L100 + 100mm topping
lynx_hc_l100_t100,precast_concrete,hollowcore,lynx,metric,,1.198,0.1,0.1,,4.8,2.1,7.5,,concrete,pt,,,,L100 + 100mm topping
lynx_hc_l100_t100,precast_concrete,hollowcore,lynx,metric,,1.198,0.1,0.1,,4.8,2.1,10,,concrete,pt,,,,L100 + 100mm topping
lynx_hc_l100_t100,precast_concrete,hollowcore,lynx,metric,,1.198,0.1,0.1,,4.8,2.1,15,,concrete,pt,,,,L100 + 100mm topping
lynx_hc_l150_t50,precast_concrete,hollowcore,lynx,metric,,1.198,0.15,0.05,,3.71,2.1,0.75,,concrete,pt,,,,L150 + 50mm topping
lynx_hc_l150_t50,precast_concrete,hollowcore,lynx,metric,,1.198,0.15,0.05,,3.71,2.1,1.5,,concrete,pt,,,,L150 + 50mm topping
lynx_hc_l150_t50,precast_concrete,hollowcore,lynx,metric,,1.198,0.15,0.05,,3.71,2.1,2,,concrete,pt,,,,L150 + 50mm topping
lynx_hc_l150_t50,precast_concrete,hollowcore,lynx,metric,,1.198,0.15,0.05,,3.71,2.1,2.5,,concrete,pt,,,,L150 + 50mm topping
lynx_hc_l150_t50,precast_concrete,hollowcore,lynx,metric,,1.198,0.15,0.05,,3.71,2.1,3,,concrete,pt,,,,L150 + 50mm topping
lynx_hc_l150_t50,precast_concrete,hollowcore,lynx,metric,,1.198,0.15,0.05,,3.71,2.1,4,,concrete,pt,,,,L150 + 50mm topping
lynx_hc_l150_t50,precast_concrete,hollowcore,lynx,metric,,1.198,0.15,0.05,,3.71,2.1,5,,concrete,pt,,,,L150 + 50mm topping
lynx_hc_l150_t50,precast_concrete,hollowcore,lynx,metric,,1.198,0.15,0.05,,3.71,2.1,5,,concrete,pt,,,,L150 + 50mm topping
lynx_hc_l150_t50,precast_concrete,hollowcore,lynx,metric,,1.198,0.15,0.05,,3.71,2.1,7.5,,concrete,pt,,,,L150 + 50mm topping
lynx_hc_l150_t50,precast_concrete,hollowcore,lynx,metric,,1.198,0.15,0.05,,3.71,2.1,10,,concrete,pt,,,,L150 + 50mm topping
lynx_hc_l150_t50,precast_concrete,hollowcore,lynx,metric,,1.198,0.15,0.05,,3.71,2.1,15,,concrete,pt,,,,L150 + 50mm topping
lynx_hc_l150_t75,precast_concrete,hollowcore,lynx,metric,,1.198,0.15,0.075,,4.31,2.1,0.75,,concrete,pt,,,,L150 + 75mm topping
lynx_hc_l150_t75,precast_concrete,hollowcore,lynx,metric,,1.198,0.15,0.075,,4.31,2.1,1.5,,concrete,pt,,,,L150 + 75mm topping
lynx_hc_l150_t75,precast_concrete,hollowcore,lynx,metric,,1.198,0.15,0.075,,4.31,2.1,2,,concrete,pt,,,,L150 + 75mm topping
lynx_hc_l150_t75,precast_concrete,hollowcore,lynx,metric,,1.198,0.15,0.075,,4.31,2.1,2.5,,concrete,pt,,,,L150 + 75mm topping
lynx_hc_l150_t75,precast_concrete,hollowcore,lynx,metric,,1.198,0.15,0.075,,4.31,2.1,3,,concrete,pt,,,,L150 + 75mm topping
lynx_hc_l150_t75,precast_concrete,hollowcore,lynx,metric,,1.198,0.15,0.075,,4.31,2.1,4,,concrete,pt,,,,L150 + 75mm topping
lynx_hc_l150_t75,precast_concrete,hollowcore,lynx,metric,,1.198,0.15,0.075,,4.31,2.1,5,,concrete,pt,,,,L150 + 75mm topping
lynx_hc_l150_t75,precast_concrete,hollowcore,lynx,metric,,1.198,0.15,0.075,,4.31,2.1,5,,concrete,pt,,,,L150 + 75mm topping
lynx_hc_l150_t75,precast_concrete,hollowcore,lynx,metric,,1.198,0.15,0.075,,4.31,2.1,7.5,,concrete,pt,,,,L150 + 75mm topping
lynx_hc_l150_t75,precast_concrete,hollowcore,lynx,metric,,1.198,0.15,0.075,,4.31,2.1,10,,concrete,pt,,,,L150 + 75mm topping
lynx_hc_l150_t75,precast_concrete,hollowcore,lynx,metric,,1.198,0.15,0.075,,4.31,2.1,15,,concrete,pt,,,,L150 + 75mm topping
lynx_hc_l150_t100,precast_concrete,hollowcore,lynx,metric,,1.198,0.15,0.1,,4.91,2.1,0.75,,concrete,pt,,,,L150 + 100mm topping
lynx_hc_l150_t100,precast_concrete,hollowcore,lynx,metric,,1.198,0.15,0.1,,4.91,2.1,1.5,,concrete,pt,,,,L150 + 100mm topping
lynx_hc_l150_t100,precast_concrete,hollowcore,lynx,metric,,1.198,0.15,0.1,,4.91,2.1,2,,concrete,pt,,,,L150 + 100mm topping
lynx_hc_l150_t100,precast_concrete,hollowcore,lynx,metric,,1.198,0.15,0.1,,4.91,2.1,2.5,,concrete,pt,,,,L150 + 100mm topping
lynx_hc_l150_t100,precast_concrete,hollowcore,lynx,metric,,1.198,0.15,0.1,,4.91,2.1,3,,concrete,pt,,,,L150 + 100mm topping
lynx_hc_l150_t100,precast_concrete,hollowcore,lynx,metric,,1.198,0.15,0.1,,4.91,2.1,4,,concrete,pt,,,,L150 + 100mm topping
lynx_hc_l150_t100,precast_concrete,hollowcore,lynx,metric,,1.198,0.15,0.1,,4.91,2.1,5,,concrete,pt,,,,L150 + 100mm topping
lynx_hc_l150_t100,precast_concrete,hollowcore,lynx,metric,,1.198,0.15,0.1,,4.91,2.1,5,,concrete,pt,,,,L150 + 100mm topping
lynx_hc_l150_t100,precast_concrete,hollowcore,lynx,metric,,1.198,0.15,0.1,,4.91,2.1,7.5,,concrete,pt,,,,L150 + 100mm topping
lynx_hc_l150_t100,precast_concrete,hollowcore,lynx,metric,,1.198,0.15,0.1,,4.91,2.1,10,,concrete,pt,,,,L150 + 100mm topping
lynx_hc_l150_t100,precast_concrete,hollowcore,lynx,metric,,1.198,0.15,0.1,,4.91,2.1,15,,concrete,pt,,,,L150 + 100mm topping
lynx_hc_l150e_t50,precast_concrete,hollowcore,lynx,metric,,1.198,0.15,0.05,,4.19,2.1,0.75,,concrete,pt,,,,L150E + 50mm topping
lynx_hc_l150e_t50,precast_concrete,hollowcore,lynx,metric,,1.198,0.15,0.05,,4.19,2.1,1.5,,concrete,pt,,,,L150E + 50mm topping
lynx_hc_l150e_t50,precast_concrete,hollowcore,lynx,metric,,1.198,0.15,0.05,,4.19,2.1,2,,concrete,pt,,,,L150E + 50mm topping
lynx_hc_l150e_t50,precast_concrete,hollowcore,lynx,metric,,1.198,0.15,0.05,,4.19,2.1,2.5,,concrete,pt,,,,L150E + 50mm topping
lynx_hc_l150e_t50,precast_concrete,hollowcore,lynx,metric,,1.198,0.15,0.05,,4.19,2.1,3,,concrete,pt,,,,L150E + 50mm topping
lynx_hc_l150e_t50,precast_concrete,hollowcore,lynx,metric,,1.198,0.15,0.05,,4.19,2.1,4,,concrete,pt,,,,L150E + 50mm topping
lynx_hc_l150e_t50,precast_concrete,hollowcore,lynx,metric,,1.198,0.15,0.05,,4.19,2.1,5,,concrete,pt,,,,L150E + 50mm topping
lynx_hc_l150e_t50,precast_concrete,hollowcore,lynx,metric,,1.198,0.15,0.05,,4.19,2.1,5,,concrete,pt,,,,L150E + 50mm topping
lynx_hc_l150e_t50,precast_concrete,hollowcore,lynx,metric,,1.198,0.15,0.05,,4.19,2.1,7.5,,concrete,pt,,,,L150E + 50mm topping
lynx_hc_l150e_t50,precast_concrete,hollowcore,lynx,metric,,1.198,0.15,0.05,,4.19,2.1,10,,concrete,pt,,,,L150E + 50mm topping
lynx_hc_l150e_t50,precast_concrete,hollowcore,lynx,metric,,1.198,0.15,0.05,,4.19,2.1,15,,concrete,pt,,,,L150E + 50mm topping
lynx_hc_l150e_t75,precast_concrete,hollowcore,lynx,metric,,1.198,0.15,0.075,,4.79,2.1,0.75,,concrete,pt,,,,L150E + 75mm topping
lynx_hc_l150e_t75,precast_concrete,hollowcore,lynx,metric,,1.198,0.15,0.075,,4.79,2.1,1.5,,concrete,pt,,,,L150E + 75mm topping
lynx_hc_l150e_t75,precast_concrete,hollowcore,lynx,metric,,1.198,0.15,0.075,,4.79,2.1,2,,concrete,pt,,,,L150E + 75mm topping
lynx_hc_l150e_t75,precast_concrete,hollowcore,lynx,metric,,1.198,0.15,0.075,,4.79,2.1,2.5,,concrete,pt,,,,L150E + 75mm topping
lynx_hc_l150e_t75,precast_concrete,hollowcore,lynx,metric,,1.198,0.15,0.075,,4.79,2.1,3,,concrete,pt,,,,L150E + 75mm topping
lynx_hc_l150e_t75,precast_concrete,hollowcore,lynx,metric,,1.198,0.15,0.075,,4.79,2.1,4,,concrete,pt,,,,L150E + 75mm topping
lynx_hc_l150e_t75,precast_concrete,hollowcore,lynx,metric,,1.198,0.15,0.075,,4.79,2.1,5,,concrete,pt,,,,L150E + 75mm topping
lynx_hc_l150e_t75,precast_concrete,hollowcore,lynx,metric,,1.198,0.15,0.075,,4.79,2.1,5,,concrete,pt,,,,L150E + 75mm topping
lynx_hc_l150e_t75,precast_concrete,hollowcore,lynx,metric,,1.198,0.15,0.075,,4.79,2.1,7.5,,concrete,pt,,,,L150E + 75mm topping
lynx_hc_l150e_t75,precast_concrete,hollowcore,lynx,metric,,1.198,0.15,0.075,,4.79,2.1,10,,concrete,pt,,,,L150E + 75mm topping
lynx_hc_l150e_t75,precast_concrete,hollowcore,lynx,metric,,1.198,0.15,0.075,,4.79,2.1,15,,concrete,pt,,,,L150E + 75mm topping
lynx_hc_l150e_t100,precast_concrete,hollowcore,lynx,metric,,1.198,0.15,0.1,,5.39,2.1,0.75,,concrete,pt,,,,L150E + 100mm topping
lynx_hc_l150e_t100,precast_concrete,hollowcore,lynx,metric,,1.198,0.15,0.1,,5.39,2.1,1.5,,concrete,pt,,,,L150E + 100mm topping
lynx_hc_l150e_t100,precast_concrete,hollowcore,lynx,metric,,1.198,0.15,0.1,,5.39,2.1,2,,concrete,pt,,,,L150E + 100mm topping
lynx_hc_l150e_t100,precast_concrete,hollowcore,lynx,metric,,1.198,0.15,0.1,,5.39,2.1,2.5,,concrete,pt,,,,L150E + 100mm topping
lynx_hc_l150e_t100,precast_concrete,hollowcore,lynx,metric,,1.198,0.15,0.1,,5.39,2.1,3,,concrete,pt,,,,L150E + 100mm topping
lynx_hc_l150e_t100,precast_concrete,hollowcore,lynx,metric,,1.198,0.15,0.1,,5.39,2.1,4,,concrete,pt,,,,L150E + 100mm topping
lynx_hc_l150e_t100,precast_concrete,hollowcore,lynx,metric,,1.198,0.15,0.1,,5.39,2.1,5,,concrete,pt,,,,L150E + 100mm topping
lynx_hc_l150e_t100,precast_concrete,hollowcore,lynx,metric,,1.198,0.15,0.1,,5.39,2.1,5,,concrete,pt,,,,L150E + 100mm topping
lynx_hc_l150e_t100,precast_concrete,hollowcore,lynx,metric,,1.198,0.15,0.1,,5.39,2.1,7.5,,concrete,pt,,,,L150E + 100mm topping
lynx_hc_l150e_t100,precast_concrete,hollowcore,lynx,metric,,1.198,0.15,0.1,,5.39,2.1,10,,concrete,pt,,,,L150E + 100mm topping
lynx_hc_l150e_t100,precast_concrete,hollowcore,lynx,metric,,1.198,0.15,0.1,,5.39,2.1,15,,concrete,pt,,,,L150E + 100mm topping
lynx_hc_l200_t50,precast_concrete,hollowcore,lynx,metric,,1.198,0.2,0.05,,4.18,2.1,0.75,,concrete,pt,,,,L200 + 50mm topping
lynx_hc_l200_t50,precast_concrete,hollowcore,lynx,metric,,1.198,0.2,0.05,,4.18,2.1,1.5,,concrete,pt,,,,L200 + 50mm topping
lynx_hc_l200_t50,precast_concrete,hollowcore,lynx,metric,,1.198,0.2,0.05,,4.18,2.1,2,,concrete,pt,,,,L200 + 50mm topping
lynx_hc_l200_t50,precast_concrete,hollowcore,lynx,metric,,1.198,0.2,0.05,,4.18,2.1,2.5,,concrete,pt,,,,L200 + 50mm topping
lynx_hc_l200_t50,precast_concrete,hollowcore,lynx,metric,,1.198,0.2,0.05,,4.18,2.1,3,,concrete,pt,,,,L200 + 50mm topping
lynx_hc_l200_t50,precast_concrete,hollowcore,lynx,metric,,1.198,0.2,0.05,,4.18,2.1,4,,concrete,pt,,,,L200 + 50mm topping
lynx_hc_l200_t50,precast_concrete,hollowcore,lynx,metric,,1.198,0.2,0.05,,4.18,2.1,5,,concrete,pt,,,,L200 + 50mm topping
lynx_hc_l200_t50,precast_concrete,hollowcore,lynx,metric,,1.198,0.2,0.05,,4.18,2.1,5,,concrete,pt,,,,L200 + 50mm topping
lynx_hc_l200_t50,precast_concrete,hollowcore,lynx,metric,,1.198,0.2,0.05,,4.18,2.1,7.5,,concrete,pt,,,,L200 + 50mm topping
lynx_hc_l200_t50,precast_concrete,hollowcore,lynx,metric,,1.198,0.2,0.05,,4.18,2.1,10,,concrete,pt,,,,L200 + 50mm topping
lynx_hc_l200_t50,precast_concrete,hollowcore,lynx,metric,,1.198,0.2,0.05,,4.18,2.1,15,,concrete,pt,,,,L200 + 50mm topping
lynx_hc_l200_t75,precast_concrete,hollowcore,lynx,metric,,1.198,0.2,0.075,,4.78,2.1,0.75,,concrete,pt,,,,L200 + 75mm topping
lynx_hc_l200_t75,precast_concrete,hollowcore,lynx,metric,,1.198,0.2,0.075,,4.78,2.1,1.5,,concrete,pt,,,,L200 + 75mm topping
lynx_hc_l200_t75,precast_concrete,hollowcore,lynx,metric,,1.198,0.2,0.075,,4.78,2.1,2,,concrete,pt,,,,L200 + 75mm topping
lynx_hc_l200_t75,precast_concrete,hollowcore,lynx,metric,,1.198,0.2,0.075,,4.78,2.1,2.5,,concrete,pt,,,,L200 + 75mm topping
lynx_hc_l200_t75,precast_concrete,hollowcore,lynx,metric,,1.198,0.2,0.075,,4.78,2.1,3,,concrete,pt,,,,L200 + 75mm topping
lynx_hc_l200_t75,precast_concrete,hollowcore,lynx,metric,,1.198,0.2,0.075,,4.78,2.1,4,,concrete,pt,,,,L200 + 75mm topping
lynx_hc_l200_t75,precast_concrete,hollowcore,lynx,metric,,1.198,0.2,0.075,,4.78,2.1,5,,concrete,pt,,,,L200 + 75mm topping
lynx_hc_l200_t75,precast_concrete,hollowcore,lynx,metric,,1.198,0.2,0.075,,4.78,2.1,5,,concrete,pt,,,,L200 + 75mm topping
lynx_hc_l200_t75,precast_concrete,hollowcore,lynx,metric,,1.198,0.2,0.075,,4.78,2.1,7.5,,concrete,pt,,,,L200 + 75mm topping
lynx_hc_l200_t75,precast_concrete,hollowcore,lynx,metric,,1.198,0.2,0.075,,4.78,2.1,10,,concrete,pt,,,,L200 + 75mm topping
lynx_hc_l200_t75,precast_concrete,hollowcore,lynx,metric,,1.198,0.2,0.075,,4.78,2.1,15,,concrete,pt,,,,L200 + 75mm topping
lynx_hc_l200_t100,precast_concrete,hollowcore,lynx,metric,,1.198,0.2,0.1,,5.38,2.1,0.75,,concrete,pt,,,,L200 + 100mm topping
lynx_hc_l200_t100,precast_concrete,hollowcore,lynx,metric,,1.198,0.2,0.1,,5.38,2.1,1.5,,concrete,pt,,,,L200 + 100mm topping
lynx_hc_l200_t100,precast_concrete,hollowcore,lynx,metric,,1.198,0.2,0.1,,5.38,2.1,2,,concrete,pt,,,,L200 + 100mm topping
lynx_hc_l200_t100,precast_concrete,hollowcore,lynx,metric,,1.198,0.2,0.1,,5.38,2.1,2.5,,concrete,pt,,,,L200 + 100mm topping
lynx_hc_l200_t100,precast_concrete,hollowcore,lynx,metric,,1.198,0.2,0.1,,5.38,2.1,3,,concrete,pt,,,,L200 + 100mm topping
lynx_hc_l200_t100,precast_concrete,hollowcore,lynx,metric,,1.198,0.2,0.1,,5.38,2.1,4,,concrete,pt,,,,L200 + 100mm topping
lynx_hc_l200_t100,precast_concrete,hollowcore,lynx,metric,,1.198,0.2,0.1,,5.38,2.1,5,,concrete,pt,,,,L200 + 100mm topping
lynx_hc_l200_t100,precast_concrete,hollowcore,lynx,metric,,1.198,0.2,0.1,,5.38,2.1,5,,concrete,pt,,,,L200 + 100mm topping
lynx_hc_l200_t100,precast_concrete,hollowcore,lynx,metric,,1.198,0.2,0.1,,5.38,2.1,7.5,,concrete,pt,,,,L200 + 100mm topping
lynx_hc_l200_t100,precast_concrete,hollowcore,lynx,metric,,1.198,0.2,0.1,,5.38,2.1,10,,concrete,pt,,,,L200 + 100mm topping
lynx_hc_l200_t100,precast_concrete,hollowcore,lynx,metric,,1.198,0.2,0.1,,5.38,2.1,15,,concrete,pt,,,,L200 + 100mm topping
lynx_hc_l250_t50,precast_concrete,hollowcore,lynx,metric,,1.198,0.25,0.05,,4.69,2.1,0.75,,concrete,pt,,,,L250 + 50mm topping
lynx_hc_l250_t50,precast_concrete,hollowcore,lynx,metric,,1.198,0.25,0.05,,4.69,2.1,1.5,,concrete,pt,,,,L250 + 50mm topping
lynx_hc_l250_t50,precast_concrete,hollowcore,lynx,metric,,1.198,0.25,0.05,,4.69,2.1,2,,concrete,pt,,,,L250 + 50mm topping
lynx_hc_l250_t50,precast_concrete,hollowcore,lynx,metric,,1.198,0.25,0.05,,4.69,2.1,2.5,,concrete,pt,,,,L250 + 50mm topping
lynx_hc_l250_t50,precast_concrete,hollowcore,lynx,metric,,1.198,0.25,0.05,,4.69,2.1,3,,concrete,pt,,,,L250 + 50mm topping
lynx_hc_l250_t50,precast_concrete,hollowcore,lynx,metric,,1.198,0.25,0.05,,4.69,2.1,4,,concrete,pt,,,,L250 + 50mm topping
lynx_hc_l250_t50,precast_concrete,hollowcore,lynx,metric,,1.198,0.25,0.05,,4.69,2.1,5,,concrete,pt,,,,L250 + 50mm topping
lynx_hc_l250_t50,precast_concrete,hollowcore,lynx,metric,,1.198,0.25,0.05,,4.69,2.1,5,,concrete,pt,,,,L250 + 50mm topping
lynx_hc_l250_t50,precast_concrete,hollowcore,lynx,metric,,1.198,0.25,0.05,,4.69,2.1,7.5,,concrete,pt,,,,L250 + 50mm topping
lynx_hc_l250_t50,precast_concrete,hollowcore,lynx,metric,,1.198,0.25,0.05,,4.69,2.1,10,,concrete,pt,,,,L250 + 50mm topping
lynx_hc_l250_t50,precast_concrete,hollowcore,lynx,metric,,1.198,0.25,0.05,,4.69,2.1,15,,concrete,pt,,,,L250 + 50mm topping
lynx_hc_l250_t75,precast_concrete,hollowcore,lynx,metric,,1.198,0.25,0.075,,5.29,2.1,0.75,,concrete,pt,,,,L250 + 75mm topping
lynx_hc_l250_t75,precast_concrete,hollowcore,lynx,metric,,1.198,0.25,0.075,,5.29,2.1,1.5,,concrete,pt,,,,L250 + 75mm topping
lynx_hc_l250_t75,precast_concrete,hollowcore,lynx,metric,,1.198,0.25,0.075,,5.29,2.1,2,,concrete,pt,,,,L250 + 75mm topping
lynx_hc_l250_t75,precast_concrete,hollowcore,lynx,metric,,1.198,0.25,0.075,,5.29,2.1,2.5,,concrete,pt,,,,L250 + 75mm topping
lynx_hc_l250_t75,precast_concrete,hollowcore,lynx,metric,,1.198,0.25,0.075,,5.29,2.1,3,,concrete,pt,,,,L250 + 75mm topping
lynx_hc_l250_t75,precast_concrete,hollowcore,lynx,metric,,1.198,0.25,0.075,,5.29,2.1,4,,concrete,pt,,,,L250 + 75mm topping
lynx_hc_l250_t75,precast_concrete,hollowcore,lynx,metric,,1.198,0.25,0.075,,5.29,2.1,5,,concrete,pt,,,,L250 + 75mm topping
lynx_hc_l250_t75,precast_concrete,hollowcore,lynx,metric,,1.198,0.25,0.075,,5.29,2.1,5,,concrete,pt,,,,L250 + 75mm topping
lynx_hc_l250_t75,precast_concrete,hollowcore,lynx,metric,,1.198,0.25,0.075,,5.29,2.1,7.5,,concrete,pt,,,,L250 + 75mm topping
lynx_hc_l250_t75,precast_concrete,hollowcore,lynx,metric,,1.198,0.25,0.075,,5.29,2.1,10,,concrete,pt,,,,L250 + 75mm topping
lynx_hc_l250_t75,precast_concrete,hollowcore,lynx,metric,,1.198,0.25,0.075,,5.29,2.1,15,,concrete,pt,,,,L250 + 75mm topping
lynx_hc_l250_t100,precast_concrete,hollowcore,lynx,metric,,1.198,0.25,0.1,,5.89,2.1,0.75,,concrete,pt,,,,L250 + 100mm topping
lynx_hc_l250_t100,precast_concrete,hollowcore,lynx,metric,,1.198,0.25,0.1,,5.89,2.1,1.5,,concrete,pt,,,,L250 + 100mm topping
lynx_hc_l250_t100,precast_concrete,hollowcore,lynx,metric,,1.198,0.25,0.1,,5.89,2.1,2,,concrete,pt,,,,L250 + 100mm topping
lynx_hc_l250_t100,precast_concrete,hollowcore,lynx,metric,,1.198,0.25,0.1,,5.89,2.1,2.5,,concrete,pt,,,,L250 + 100mm topping
lynx_hc_l250_t100,precast_concrete,hollowcore,lynx,metric,,1.198,0.25,0.1,,5.89,2.1,3,,concrete,pt,,,,L250 + 100mm topping
lynx_hc_l250_t100,precast_concrete,hollowcore,lynx,metric,,1.198,0.25,0.1,,5.89,2.1,4,,concrete,pt,,,,L250 + 100mm topping
lynx_hc_l250_t100,precast_concrete,hollowcore,lynx,metric,,1.198,0.25,0.1,,5.89,2.1,5,,concrete,pt,,,,L250 + 100mm topping
lynx_hc_l250_t100,precast_concrete,hollowcore,lynx,metric,,1.198,0.25,0.1,,5.89,2.1,5,,concrete,pt,,,,L250 + 100mm topping
lynx_hc_l250_t100,precast_concrete,hollowcore,lynx,metric,,1.198,0.25,0.1,,5.89,2.1,7.5,,concrete,pt,,,,L250 + 100mm topping
lynx_hc_l250_t100,precast_concrete,hollowcore,lynx,metric,,1.198,0.25,0.1,,5.89,2.1,10,,concrete,pt,,,,L250 + 100mm topping
lynx_hc_l250_t100,precast_concrete,hollowcore,lynx,metric,,1.198,0.25,0.1,,5.89,2.1,15,,concrete,pt,,,,L250 + 100mm topping
lynx_hc_l300_t50,precast_concrete,hollowcore,lynx,metric,,1.198,0.3,0.05,,5.16,2.1,0.75,,concrete,pt,,,,L300 + 50mm topping
lynx_hc_l300_t50,precast_concrete,hollowcore,lynx,metric,,1.198,0.3,0.05,,5.16,2.1,1.5,,concrete,pt,,,,L300 + 50mm topping
lynx_hc_l300_t50,precast_concrete,hollowcore,lynx,metric,,1.198,0.3,0.05,,5.16,2.1,2,,concrete,pt,,,,L300 + 50mm topping
lynx_hc_l300_t50,precast_concrete,hollowcore,lynx,metric,,1.198,0.3,0.05,,5.16,2.1,2.5,,concrete,pt,,,,L300 + 50mm topping
lynx_hc_l300_t50,precast_concrete,hollowcore,lynx,metric,,1.198,0.3,0.05,,5.16,2.1,3,,concrete,pt,,,,L300 + 50mm topping
lynx_hc_l300_t50,precast_concrete,hollowcore,lynx,metric,,1.198,0.3,0.05,,5.16,2.1,4,,concrete,pt,,,,L300 + 50mm topping
lynx_hc_l300_t50,precast_concrete,hollowcore,lynx,metric,,1.198,0.3,0.05,,5.16,2.1,5,,concrete,pt,,,,L300 + 50mm topping
lynx_hc_l300_t50,precast_concrete,hollowcore,lynx,metric,,1.198,0.3,0.05,,5.16,2.1,5,,concrete,pt,,,,L300 + 50mm topping
lynx_hc_l300_t50,precast_concrete,hollowcore,lynx,metric,,1.198,0.3,0.05,,5.16,2.1,7.5,,concrete,pt,,,,L300 + 50mm topping
lynx_hc_l300_t50,precast_concrete,hollowcore,lynx,metric,,1.198,0.3,0.05,,5.16,2.1,10,,concrete,pt,,,,L300 + 50mm topping
lynx_hc_l300_t50,precast_concrete,hollowcore,lynx,metric,,1.198,0.3,0.05,,5.16,2.1,15,,concrete,pt,,,,L300 + 50mm topping
lynx_hc_l300_t75,precast_concrete,hollowcore,lynx,metric,,1.198,0.3,0.075,,5.76,2.1,0.75,,concrete,pt,,,,L300 + 75mm topping
lynx_hc_l300_t75,precast_concrete,hollowcore,lynx,metric,,1.198,0.3,0.075,,5.76,2.1,1.5,,concrete,pt,,,,L300 + 75mm topping
lynx_hc_l300_t75,precast_concrete,hollowcore,lynx,metric,,1.198,0.3,0.075,,5.76,2.1,2,,concrete,pt,,,,L300 + 75mm topping
lynx_hc_l300_t75,precast_concrete,hollowcore,lynx,metric,,1.198,0.3,0.075,,5.76,2.1,2.5,,concrete,pt,,,,L300 + 75mm topping
lynx_hc_l300_t75,precast_concrete,hollowcore,lynx,metric,,1.198,0.3,0.075,,5.76,2.1,3,,concrete,pt,,,,L300 + 75mm topping
lynx_hc_l300_t75,precast_concrete,hollowcore,lynx,metric,,1.198,0.3,0.075,,5.76,2.1,4,,concrete,pt,,,,L300 + 75mm topping
lynx_hc_l300_t75,precast_concrete,hollowcore,lynx,metric,,1.198,0.3,0.075,,5.76,2.1,5,,concrete,pt,,,,L300 + 75mm topping
lynx_hc_l300_t75,precast_concrete,hollowcore,lynx,metric,,1.198,0.3,0.075,,5.76,2.1,5,,concrete,pt,,,,L300 + 75mm topping
lynx_hc_l300_t75,precast_concrete,hollowcore,lynx,metric,,1.198,0.3,0.075,,5.76,2.1,7.5,,concrete,pt,,,,L300 + 75mm topping
lynx_hc_l300_t75,precast_concrete,hollowcore,lynx,metric,,1.198,0.3,0.075,,5.76,2.1,10,,concrete,pt,,,,L300 + 75mm topping
lynx_hc_l300_t75,precast_concrete,hollowcore,lynx,metric,,1.198,0.3,0.075,,5.76,2.1,15,,concrete,pt,,,,L300 + 75mm topping
lynx_hc_l300_t100,precast_concrete,hollowcore,lynx,metric,,1.198,0.3,0.1,,6.36,2.1,0.75,,concrete,pt,,,,L300 + 100mm topping
lynx_hc_l300_t100,precast_concrete,hollowcore,lynx,metric,,1.198,0.3,0.1,,6.36,2.1,1.5,,concrete,pt,,,,L300 + 100mm topping
lynx_hc_l300_t100,precast_concrete,hollowcore,lynx,metric,,1.198,0.3,0.1,,6.36,2.1,2,,concrete,pt,,,,L300 + 100mm topping
lynx_hc_l300_t100,precast_concrete,hollowcore,lynx,metric,,1.198,0.3,0.1,,6.36,2.1,2.5,,concrete,pt,,,,L300 + 100mm topping
lynx_hc_l300_t100,precast_concrete,hollowcore,lynx,metric,,1.198,0.3,0.1,,6.36,2.1,3,,concrete,pt,,,,L300 + 100mm topping
lynx_hc_l300_t100,precast_concrete,hollowcore,lynx,metric,,1.198,0.3,0.1,,6.36,2.1,4,,concrete,pt,,,,L300 + 100mm topping
lynx_hc_l300_t100,precast_concrete,hollowcore,lynx,metric,,1.198,0.3,0.1,,6.36,2.1,5,,concrete,pt,,,,L300 + 100mm topping
lynx_hc_l300_t100,precast_concrete,hollowcore,lynx,metric,,1.198,0.3,0.1,,6.36,2.1,5,,concrete,pt,,,,L300 + 100mm topping
lynx_hc_l300_t100,precast_concrete,hollowcore,lynx,metric,,1.198,0.3,0.1,,6.36,2.1,7.5,,concrete,pt,,,,L300 + 100mm topping
lynx_hc_l300_t100,precast_concrete,hollowcore,lynx,metric,,1.198,0.3,0.1,,6.36,2.1,10,,concrete,pt,,,,L300 + 100mm topping
lynx_hc_l300_t100,precast_concrete,hollowcore,lynx,metric,,1.198,0.3,0.1,,6.36,2.1,15,,concrete,pt,,,,L300 + 100mm topping
flood_hc_150_t0,precast_concrete,hollowcore,flood,metric,,,0.15,0.15,,2.75,0,15.5,4,concrete,pt,,,,FLOOD_HC150_T0
flood_hc_150_t0,precast_concrete,hollowcore,flood,metric,,,0.15,0.15,,2.75,0,11,5,concrete,pt,,,,FLOOD_HC150_T0
flood_hc_150_t0,precast_concrete,hollowcore,flood,metric,,,0.15,0.15,,2.75,0,7,6,concrete,pt,,,,FLOOD_HC150_T0
flood_hc_150_t0,precast_concrete,hollowcore,flood,metric,,,0.15,0.15,,2.75,0,4.5,7,concrete,pt,,,,FLOOD_HC150_T0
flood_hc_200_t0,precast_concrete,hollowcore,flood,metric,,,0.2,0.2,,3,0,15.5,4,concrete,pt,,,,FLOOD_HC200_T0
flood_hc_200_t0,precast_concrete,hollowcore,flood,metric,,,0.2,0.2,,3,0,12,5,concrete,pt,,,,FLOOD_HC200_T0
flood_hc_200_t0,precast_concrete,hollowcore,flood,metric,,,0.2,0.2,,3,0,10,6,concrete,pt,,,,FLOOD_HC200_T0
flood_hc_200_t0,precast_concrete,hollowcore,flood,metric,,,0.2,0.2,,3,0,7.5,7,concrete,pt,,,,FLOOD_HC200_T0
flood_hc_200_t0,precast_concrete,hollowcore,flood,metric,,,0.2,0.2,,3,0,6,8,concrete,pt,,,,FLOOD_HC200_T0
flood_hc_200_t0,precast_concrete,hollowcore,flood,metric,,,0.2,0.2,,3,0,4.5,9,concrete,pt,,,,FLOOD_HC200_T0
flood_hc_250_t0,precast_concrete,hollowcore,flood,metric,,,0.25,0.25,,3.32,0,22.5,4,concrete,pt,,,,FLOOD_HC250_T0
flood_hc_250_t0,precast_concrete,hollowcore,flood,metric,,,0.25,0.25,,3.32,0,18,5,concrete,pt,,,,FLOOD_HC250_T0
flood_hc_250_t0,precast_concrete,hollowcore,flood,metric,,,0.25,0.25,,3.32,0,14.5,6,concrete,pt,,,,FLOOD_HC250_T0
flood_hc_250_t0,precast_concrete,hollowcore,flood,metric,,,0.25,0.25,,3.32,0,11.5,7,concrete,pt,,,,FLOOD_HC250_T0
flood_hc_250_t0,precast_concrete,hollowcore,flood,metric,,,0.25,0.25,,3.32,0,9.5,8,concrete,pt,,,,FLOOD_HC250_T0
flood_hc_250_t0,precast_concrete,hollowcore,flood,metric,,,0.25,0.25,,3.32,0,7,9,concrete,pt,,,,FLOOD_HC250_T0
flood_hc_250_t0,precast_concrete,hollowcore,flood,metric,,,0.25,0.25,,3.32,0,5,10,concrete,pt,,,,FLOOD_HC250_T0
flood_hc_250_t0,precast_concrete,hollowcore,flood,metric,,,0.25,0.25,,3.32,0,4,11,concrete,pt,,,,FLOOD_HC250_T0
flood_hc_300_t0,precast_concrete,hollowcore,flood,metric,,,0.3,0.3,,3.91,0,17,6,concrete,pt,,,,FLOOD_HC300_T0
flood_hc_300_t0,precast_concrete,hollowcore,flood,metric,,,0.3,0.3,,3.91,0,14.5,7,concrete,pt,,,,FLOOD_HC300_T0
flood_hc_300_t0,precast_concrete,hollowcore,flood,metric,,,0.3,0.3,,3.91,0,12.5,8,concrete,pt,,,,FLOOD_HC300_T0
flood_hc_300_t0,precast_concrete,hollowcore,flood,metric,,,0.3,0.3,,3.91,0,11,9,concrete,pt,,,,FLOOD_HC300_T0
flood_hc_300_t0,precast_concrete,hollowcore,flood,metric,,,0.3,0.3,,3.91,0,8,10,concrete,pt,,,,FLOOD_HC300_T0
flood_hc_300_t0,precast_concrete,hollowcore,flood,metric,,,0.3,0.3,,3.91,0,6,11,concrete,pt,,,,FLOOD_HC300_T0
flood_hc_300_t0,precast_concrete,hollowcore,flood,metric,,,0.3,0.3,,3.91,0,4.5,12,concrete,pt,,,,FLOOD_HC300_T0
flood_hc_300_t0,precast_concrete,hollowcore,flood,metric,,,0.3,0.3,,3.91,0,3,13,concrete,pt,,,,FLOOD_HC300_T0
flood_hc_400_t0,precast_concrete,hollowcore,flood,metric,,,0.4,0.4,,4.7,0,17.5,8,concrete,pt,,,,FLOOD_HC400_T0
flood_hc_400_t0,precast_concrete,hollowcore,flood,metric,,,0.4,0.4,,4.7,0,15.5,9,concrete,pt,,,,FLOOD_HC400_T0
flood_hc_400_t0,precast_concrete,hollowcore,flood,metric,,,0.4,0.4,,4.7,0,13.5,10,concrete,pt,,,,FLOOD_HC400_T0
flood_hc_400_t0,precast_concrete,hollowcore,flood,metric,,,0.4,0.4,,4.7,0,10.5,11,concrete,pt,,,,FLOOD_HC400_T0
flood_hc_400_t0,precast_concrete,hollowcore,flood,metric,,,0.4,0.4,,4.7,0,8,12,concrete,pt,,,,FLOOD_HC400_T0
flood_hc_400_t0,precast_concrete,hollowcore,flood,metric,,,0.4,0.4,,4.7,0,6.5,13,concrete,pt,,,,FLOOD_HC400_T0
flood_hc_400_t0,precast_concrete,hollowcore,flood,metric,,,0.4,0.4,,4.7,0,5,14,concrete,pt,,,,FLOOD_HC400_T0
flood_hc_400_t0,precast_concrete,hollowcore,flood,metric,,,0.4,0.4,,4.7,0,4,15,concrete,pt,,,,FLOOD_HC400_T0
flood_hc_150_t75,precast_concrete,hollowcore,flood,metric,,,0.225,0.15,,4.63,0,19,4,concrete,pt,,,,FLOOD_HC150_T75
flood_hc_150_t75,precast_concrete,hollowcore,flood,metric,,,0.225,0.15,,4.63,0,15,5,concrete,pt,,,,FLOOD_HC150_T75
flood_hc_150_t75,precast_concrete,hollowcore,flood,metric,,,0.225,0.15,,4.63,0,10.5,6,concrete,pt,,,,FLOOD_HC150_T75
flood_hc_150_t75,precast_concrete,hollowcore,flood,metric,,,0.225,0.15,,4.63,0,5.5,7,concrete,pt,,,,FLOOD_HC150_T75
flood_hc_150_t75,precast_concrete,hollowcore,flood,metric,,,0.225,0.15,,4.63,0,2,8,concrete,pt,,,,FLOOD_HC150_T75
flood_hc_200_t75,precast_concrete,hollowcore,flood,metric,,,0.275,0.2,,4.88,0,14,4,concrete,pt,,,,FLOOD_HC200_T75
flood_hc_200_t75,precast_concrete,hollowcore,flood,metric,,,0.275,0.2,,4.88,0,10.5,5,concrete,pt,,,,FLOOD_HC200_T75
flood_hc_200_t75,precast_concrete,hollowcore,flood,metric,,,0.275,0.2,,4.88,0,8.5,6,concrete,pt,,,,FLOOD_HC200_T75
flood_hc_200_t75,precast_concrete,hollowcore,flood,metric,,,0.275,0.2,,4.88,0,6.5,7,concrete,pt,,,,FLOOD_HC200_T75
flood_hc_200_t75,precast_concrete,hollowcore,flood,metric,,,0.275,0.2,,4.88,0,5.5,8,concrete,pt,,,,FLOOD_HC200_T75
flood_hc_200_t75,precast_concrete,hollowcore,flood,metric,,,0.275,0.2,,4.88,0,4,9,concrete,pt,,,,FLOOD_HC200_T75
flood_hc_250_t75,precast_concrete,hollowcore,flood,metric,,,0.325,0.25,,5.2,0,21,4,concrete,pt,,,,FLOOD_HC250_T75
flood_hc_250_t75,precast_concrete,hollowcore,flood,metric,,,0.325,0.25,,5.2,0,16.5,5,concrete,pt,,,,FLOOD_HC250_T75
flood_hc_250_t75,precast_concrete,hollowcore,flood,metric,,,0.325,0.25,,5.2,0,13,6,concrete,pt,,,,FLOOD_HC250_T75
flood_hc_250_t75,precast_concrete,hollowcore,flood,metric,,,0.325,0.25,,5.2,0,11,7,concrete,pt,,,,FLOOD_HC250_T75
flood_hc_250_t75,precast_concrete,hollowcore,flood,metric,,,0.325,0.25,,5.2,0,9,8,concrete,pt,,,,FLOOD_HC250_T75
flood_hc_250_t75,precast_concrete,hollowcore,flood,metric,,,0.325,0.25,,5.2,0,8,9,concrete,pt,,,,FLOOD_HC250_T75
flood_hc_250_t75,precast_concrete,hollowcore,flood,metric,,,0.325,0.25,,5.2,0,5.5,10,concrete,pt,,,,FLOOD_HC250_T75
flood_hc_250_t75,precast_concrete,hollowcore,flood,metric,,,0.325,0.25,,5.2,0,3.5,11,concrete,pt,,,,FLOOD_HC250_T75
flood_hc_300_t75,precast_concrete,hollowcore,flood,metric,,,0.375,0.3,,5.79,0,15.5,6,concrete,pt,,,,FLOOD_HC300_T75
flood_hc_300_t75,precast_concrete,hollowcore,flood,metric,,,0.375,0.3,,5.79,0,13,7,concrete,pt,,,,FLOOD_HC300_T75
flood_hc_300_t75,precast_concrete,hollowcore,flood,metric,,,0.375,0.3,,5.79,0,11,8,concrete,pt,,,,FLOOD_HC300_T75
flood_hc_300_t75,precast_concrete,hollowcore,flood,metric,,,0.375,0.3,,5.79,0,9.5,9,concrete,pt,,,,FLOOD_HC300_T75
flood_hc_300_t75,precast_concrete,hollowcore,flood,metric,,,0.375,0.3,,5.79,0,9,10,concrete,pt,,,,FLOOD_HC300_T75
flood_hc_300_t75,precast_concrete,hollowcore,flood,metric,,,0.375,0.3,,5.79,0,6.5,11,concrete,pt,,,,FLOOD_HC300_T75
flood_hc_300_t75,precast_concrete,hollowcore,flood,metric,,,0.375,0.3,,5.79,0,4,12,concrete,pt,,,,FLOOD_HC300_T75
flood_hc_300_t75,precast_concrete,hollowcore,flood,metric,,,0.375,0.3,,5.79,0,2.5,13,concrete,pt,,,,FLOOD_HC300_T75
flood_hc_400_t75,precast_concrete,hollowcore,flood,metric,,,0.475,0.4,,6.58,0,16.5,8,concrete,pt,,,,FLOOD_HC400_T75
flood_hc_400_t75,precast_concrete,hollowcore,flood,metric,,,0.475,0.4,,6.58,0,14,9,concrete,pt,,,,FLOOD_HC400_T75
flood_hc_400_t75,precast_concrete,hollowcore,flood,metric,,,0.475,0.4,,6.58,0,12.5,10,concrete,pt,,,,FLOOD_HC400_T75
flood_hc_400_t75,precast_concrete,hollowcore,flood,metric,,,0.475,0.4,,6.58,0,11,11,concrete,pt,,,,FLOOD_HC400_T75
flood_hc_400_t75,precast_concrete,hollowcore,flood,metric,,,0.475,0.4,,6.58,0,9.5,12,concrete,pt,,,,FLOOD_HC400_T75
flood_hc_400_t75,precast_concrete,hollowcore,flood,metric,,,0.475,0.4,,6.58,0,7,13,concrete,pt,,,,FLOOD_HC400_T75
flood_hc_400_t75,precast_concrete,hollowcore,flood,metric,,,0.475,0.4,,6.58,0,5,14,concrete,pt,,,,FLOOD_HC400_T75
flood_hc_400_t75,precast_concrete,hollowcore,flood,metric,,,0.475,0.4,,6.58,0,4,15,concrete,pt,,,,FLOOD_HC400_T75
,,,,,,,,,,,,,,,,,,,
Span Condition,Fire Rating (hours),Slab Depth (mm),Mesh,0.9mm_3.5,0.9mm_5.0,0.9mm_7.5,0.9mm_10.0,1.0mm_3.5,1.0mm_5.0,1.0mm_7.5,1.0mm_10.0,1.2mm_3.5,1.2mm_5.0,1.2mm_7.5,1.2mm_10.0,,,,
Single*,1,130,A142,3.125,3.125,2.796,2.519,3.383,3.383,2.87,2.585,3.746,3.746,3.011,2.711,,,,
Single*,1,150,A193,3.006,3.006,3.006,2.843,3.203,3.203,3.203,2.914,3.562,3.562,3.562,3.046,,,,
Single*,1,200,A393,2.688,2.688,2.688,2.688,2.866,2.866,2.866,2.866,3.219,3.219,3.219,3.219,,,,
Single*,2,150,A193,3.006,3.006,2.366,2.145,3.203,3.203,2.414,2.188,3.562,3.562,2.503,2.269,,,,
Single*,2,170,A252,2.883,2.883,2.649,2.41,3.054,3.054,2.695,2.453,3.407,3.407,2.788,2.531,,,,
Single*,2,200,A393,2.688,2.688,2.688,2.688,2.866,2.866,2.866,2.866,3.219,3.219,3.219,3.219,,,,
Double,1,130,A142,3.455,3.455,2.796,2.519,3.788,3.788,2.87,2.585,4.238,4.238,3.011,2.711,,,,
Double,1,150,A193,3.23,3.23,3.141,2.843,3.546,3.546,3.219,2.914,3.996,3.996,3.366,3.046,,,,
Double,1,200,A393,2.804,2.804,2.804,2.804,3.085,3.085,3.085,3.085,3.602,3.602,3.602,3.602,,,,
Double,2,150,A193,3.23,3.116,2.366,2.145,3.546,3.18,2.414,2.188,3.996,3.296,2.503,2.269,,,,
Double,2,170,A252,3.04,3.04,2.649,2.41,3.341,3.341,2.695,2.453,3.895,3.608,2.788,2.531,,,,
Double,2,200,A393,2.804,2.804,2.804,2.804,3.085,3.085,3.085,3.085,3.602,3.602,3.407,3.116,,,,
Double,1,130,HE 1/50*,3.455,3.455,3.13,2.825,3.788,3.788,3.2,2.88,4.238,4.238,3.32,3,,,,
Double,1,150,HE 1/50*,3.23,3.23,3.23,3.23,3.546,3.546,3.546,3.29,3.996,3.996,3.75,3.4,,,,
Double,1,200,HE 1/50*,2.804,2.804,2.804,2.804,3.085,3.085,3.085,3.085,3.602,3.602,3.602,3.602,,,,
Double,2,150,HE 1/50*,3.23,3.23,2.71,2.455,3.34,3.34,2.55,2.48,3.996,3.73,2.83,2.55,,,,
Double,2,170,HE 1/50*,3.04,3.04,3.04,2.815,3.341,3.341,3.13,2.85,3.895,3.895,3.31,2.92,,,,
Double,2,200,HE 1/50*,2.804,2.804,2.804,2.804,3.085,3.085,3.085,3.085,3.602,3.602,3.61,3.44,,,,